Supplier,Fab Plant,Fab WW,Wafer Coat Tool,Wafer Coat MT,Wafer Coat Flux Lot,Wafer Coat Thickness Mean,% Bin 15,,,,,,,,,,
Supp1,Fab 3,510,WC 2,Paul,1603222,110.3,2.48,,,,,,,,,,
Supp1,Fab 3,510,WC 2,Philip,1603111,95.8,2.02,,,,,,,,,,
Supp1,Fab 3,511,WC 3,Paul,1603222,102.4,2.27,,,,,,,,,,
Supp1,Fab 3,512,WC 2,Paul,1603222,95.2,1.99,,,,,,,,,,
Supp1,Fab 3,513,WC 2,Olga,1603222,107.6,2.74,,,,,,,,,,
Supp1,Fab 3,513,WC 2,Philip,1603111,104.6,0,,,,,,,,,,
Supp1,Fab 3,514,WC 3,Paul,1603222,106.4,1.81,,,,,,,,,,
Supp1,Fab 3,514,WC 1,Paul,1603222,113.6,3.01,,,,,,,,,, 
Supp1,Fab 3,514,WC 2,Paul,1603222,82.8,0,,,,,,,,,,
Supp1,Fab 3,514,WC 3,Philip,1603222,81.9,0,,,,,,,,,,
Supp1,Fab 3,515,WC 2,Philip,1603111,108.6,0,,,,,,,,,,
Supp1,Fab 3,515,WC 1,Philip,1603222,101.7,2.28,,,,,,,,,,
Supp1,Fab 3,515,WC 2,Paul,1603222,82.1,2.75,,,,,,,,,,
Supp1,Fab 3,516,WC 1,Paul,1603222,93.1,2.54,,,,,,,,,,
Supp1,Fab 3,516,WC 2,Philip,1603222,121.7,2.41,,,,,,,,,,
Supp1,Fab 3,516,WC 3,Philip,1603111,92.9,2.34,,,,,,,,,,
Supp1,Fab 3,516,WC 2,Paul,1603222,101.9,2.27,,,,,,,,,,
Supp1,Fab 3,517,WC 3,Philip,1603222,103.7,1.32,,,,,,,,,,
Supp1,Fab 3,517,WC 1,Olga,1603222,92.8,7.14,,,,,,,,,,
Supp1,Fab 3,517,WC 3,Paul,1603222,108.9,0,,,,,,,,,,
Supp1,Fab 3,517,WC 3,Philip,1603111,113.6,7.14,,,,,,,,,,
Supp1,Fab 3,517,WC 1,Philip,1603111,110,2.06,,,,,,,,,,
Supp1,Fab 3,517,WC 1,Olga,1603111,100.5,0,,,,,,,,,,
Supp1,Fab 3,517,WC 2,Walt,1603222,115.9,1.73,,,,,,,,,,
Supp1,Fab 3,517,WC 3,Philip,1603222,95.8,1.86,,,,,,,,,,
Supp1,Fab 3,518,WC 3,Olga,1603222,98.3,1.45,,,,,,,,,,
Supp1,Fab 3,518,WC 2,Philip,1603222,106.5,2.19,,,,,,,,,,
Supp1,Fab 3,518,WC 2,Philip,1603222,98.5,0,,,,,,,,,,
Supp1,Fab 3,518,WC 1,Paul,1603111,112.8,1.54,,,,,,,,,,
Supp1,Fab 3,518,WC 2,Olga,1603222,106.1,1.63,,,,,,,,,,
Supp1,Fab 3,518,WC 1,Paul,1603222,108,0.81,,,,,,,,,,
Supp1,Fab 3,518,WC 1,Paul,1603222,93.4,2.1,,,,,,,,,,
Supp1,Fab 3,518,WC 2,Paul,1603111,97.7,0,,,,,,,,,,
Supp1,Fab 3,518,WC 3,Walt,1603222,90.6,2.17,,,,,,,,,,
Supp1,Fab 3,518,WC 2,Paul,1603222,115.1,2.36,,,,,,,,,,
Supp1,Fab 3,518,WC 3,Olga,1603111,98,1.85,,,,,,,,,,
Supp1,Fab 3,518,WC 3,Paul,1603222,92.6,1.83,,,,,,,,,,
Supp1,Fab 3,518,WC 2,Olga,1603222,117,2.33,,,,,,,,,,
Supp1,Fab 3,518,WC 1,Paul,1603222,83.1,1.86,,,,,,,,,,
Supp1,Fab 3,519,WC 2,Olga,1603222,100.5,2.89,,,,,,,,,,
Supp1,Fab 3,519,WC 2,Philip,1603222,101.5,2.97,,,,,,,,,,
Supp1,Fab 3,519,WC 2,Olga,1603111,104.4,4.88,,,,,,,,,,
Supp1,Fab 3,519,WC 2,Philip,1603111,105,0,,,,,,,,,,
Supp1,Fab 3,519,WC 1,Paul,1603333,102.2,6.9,,,,,,,,,,
Supp1,Fab 3,519,WC 2,Paul,1603111,100.8,1.49,,,,,,,,,,
Supp1,Fab 3,519,WC 2,Olga,1603222,94.5,1.65,,,,,,,,,,
Supp1,Fab 3,519,WC 3,Paul,1603222,89.9,1.44,,,,,,,,,,
Supp1,Fab 3,519,WC 3,Philip,1603111,85.4,2.99,,,,,,,,,,
Supp1,Fab 3,519,WC 2,Olga,1603111,83,1.94,,,,,,,,,,
Supp1,Fab 3,519,WC 3,Paul,1603222,116.2,2.56,,,,,,,,,,
Supp1,Fab 3,519,WC 2,Walt,1603111,107,0,,,,,,,,,,
Supp1,Fab 3,519,WC 2,Philip,1603222,101.3,1.49,,,,,,,,,,
Supp1,Fab 3,519,WC 3,Olga,1603222,103,1.87,,,,,,,,,,
Supp1,Fab 3,519,WC 2,Philip,1603111,121.5,2.6,,,,,,,,,,
Supp1,Fab 3,519,WC 2,Olga,1603222,95.6,1.34,,,,,,,,,,
Supp1,Fab 3,519,WC 1,Philip,1603222,99.6,2.46,,,,,,,,,,
Supp1,Fab 3,519,WC 1,Walt,1603333,99.4,0,,,,,,,,,,
Supp1,Fab 3,519,WC 1,Philip,1603111,88.7,7.41,,,,,,,,,,
Supp1,Fab 3,519,WC 2,Philip,1603222,100.1,1.65,,,,,,,,,,
Supp1,Fab 3,520,WC 2,Paul,1603222,95.1,2.62,,,,,,,,,,
Supp1,Fab 3,520,WC 1,Philip,1603222,71.9,1.75,,,,,,,,,,
Supp1,Fab 3,520,WC 2,Philip,1603222,105.3,2.43,,,,,,,,,,
Supp1,Fab 3,520,WC 2,Paul,1603222,106.1,1.83,,,,,,,,,,
Supp1,Fab 3,520,WC 3,Philip,1603222,115.5,2.22,,,,,,,,,,
Supp1,Fab 3,520,WC 3,Philip,1603222,89.8,3.66,,,,,,,,,,
Supp1,Fab 3,520,WC 1,Olga,1603222,77.9,3.52,,,,,,,,,,
Supp1,Fab 3,520,WC 2,Olga,1603222,100.7,1.43,,,,,,,,,,
Supp1,Fab 3,520,WC 3,Olga,1603222,101.6,2.86,,,,,,,,,,
Supp1,Fab 3,520,WC 1,Philip,1603222,100.4,2.26,,,,,,,,,,
Supp1,Fab 3,520,WC 2,Paul,1603222,114.4,1.12,,,,,,,,,,
Supp1,Fab 3,520,WC 2,Philip,1603111,98.2,0,,,,,,,,,,
Supp1,Fab 3,520,WC 3,Philip,1603222,92.4,2.48,,,,,,,,,,
Supp1,Fab 3,520,WC 1,Olga,1603111,91.6,3.7,,,,,,,,,,
Supp1,Fab 3,520,WC 3,Olga,1603222,81.5,2.84,,,,,,,,,,
Supp1,Fab 3,520,WC 3,Paul,1603111,97.4,0,,,,,,,,,,
Supp1,Fab 3,520,WC 2,Olga,1603222,96.9,4.48,,,,,,,,,,
Supp1,Fab 3,520,WC 3,Paul,1603222,103.9,2.21,,,,,,,,,,
Supp1,Fab 3,520,WC 1,Olga,1603111,99,1.35,,,,,,,,,,
Supp1,Fab 3,521,WC 1,Philip,1603111,102.2,0,,,,,,,,,,
Supp1,Fab 3,521,WC 2,Philip,1603222,106.7,1.13,,,,,,,,,,
Supp1,Fab 3,521,WC 1,Walt,1603222,124.9,3.33,,,,,,,,,,
Supp1,Fab 3,521,WC 2,Olga,1603111,100.1,2.69,,,,,,,,,,
Supp1,Fab 3,521,WC 3,Philip,1603222,110,2.35,,,,,,,,,,
Supp1,Fab 3,521,WC 1,Walt,1603222,104.8,2.4,,,,,,,,,,
Supp1,Fab 3,521,WC 1,Paul,1603222,91,2.03,,,,,,,,,,
Supp1,Fab 3,521,WC 1,Olga,1603333,117,5.88,,,,,,,,,,
Supp1,Fab 3,521,WC 2,Walt,1603222,104.6,0.39,,,,,,,,,,
Supp1,Fab 3,521,WC 2,Olga,1603111,100.3,0,,,,,,,,,,
Supp1,Fab 3,521,WC 1,Walt,1603222,96.7,2.55,,,,,,,,,,
Supp1,Fab 3,521,WC 2,Paul,1603111,83.5,7.69,,,,,,,,,,
Supp1,Fab 3,521,WC 1,Walt,1603222,103.6,1.7,,,,,,,,,,
Supp1,Fab 3,521,WC 3,Philip,1603222,91.8,1.79,,,,,,,,,,
Supp1,Fab 3,521,WC 1,Paul,1603222,95.2,0,,,,,,,,,,
Supp1,Fab 3,521,WC 2,Philip,1603222,110.4,0,,,,,,,,,,
Supp1,Fab 3,521,WC 2,Paul,1603222,109,1.88,,,,,,,,,,
Supp1,Fab 3,521,WC 1,Philip,1603222,103.1,1.96,,,,,,,,,,
Supp1,Fab 3,521,WC 3,Paul,1603111,85.8,12.5,,,,,,,,,,
Supp1,Fab 3,521,WC 1,Paul,1603222,106.4,2.52,,,,,,,,,,
Supp1,Fab 3,521,WC 2,Philip,1603222,89.9,1.86,,,,,,,,,,
Supp1,Fab 3,521,WC 2,Walt,1603222,87.5,1.24,,,,,,,,,,
Supp1,Fab 3,521,WC 3,Olga,1603111,105.4,0,,,,,,,,,,
Supp1,Fab 3,521,WC 1,Philip,1603111,94.6,0,,,,,,,,,,
Supp1,Fab 3,522,WC 1,Paul,1603222,101.2,2.1,,,,,,,,,,
Supp1,Fab 3,522,WC 3,Olga,1603222,112.9,10,,,,,,,,,,
Supp1,Fab 3,522,WC 2,Philip,1603111,96.1,2.38,,,,,,,,,,
Supp1,Fab 3,522,WC 2,Olga,1603222,97.9,1.73,,,,,,,,,,
Supp1,Fab 3,522,WC 3,Philip,1603222,112.3,2.48,,,,,,,,,,
Supp1,Fab 3,522,WC 2,Olga,1603222,121.4,3.23,,,,,,,,,,
Supp1,Fab 3,522,WC 2,Walt,1603222,111,2.42,,,,,,,,,,
Supp1,Fab 3,522,WC 1,Philip,1603222,116.4,1.41,,,,,,,,,,
Supp1,Fab 3,522,WC 3,Olga,1603222,102.7,2.55,,,,,,,,,,
Supp1,Fab 3,522,WC 1,Olga,1603222,101.2,1.04,,,,,,,,,,
Supp1,Fab 3,522,WC 3,Philip,1603111,121,1.75,,,,,,,,,,
Supp1,Fab 3,522,WC 3,Paul,1603111,106.6,2.37,,,,,,,,,,
Supp1,Fab 3,522,WC 2,Philip,1603222,113.7,1.88,,,,,,,,,,
Supp1,Fab 3,522,WC 2,Olga,1603222,99.2,1.92,,,,,,,,,,
Supp1,Fab 3,523,WC 3,Walt,1603111,98.3,0,,,,,,,,,,
Supp1,Fab 3,523,WC 3,Paul,1603111,107.5,0,,,,,,,,,,
Supp1,Fab 3,523,WC 1,Walt,1603222,101.7,2.16,,,,,,,,,,
Supp1,Fab 3,523,WC 2,Philip,1603111,86.9,2.45,,,,,,,,,,
Supp1,Fab 3,523,WC 2,Paul,1603222,103.8,0,,,,,,,,,,
Supp1,Fab 3,523,WC 1,Walt,1603222,103.6,1.5,,,,,,,,,,
Supp1,Fab 3,523,WC 3,Olga,1603222,109.6,1.98,,,,,,,,,,
Supp1,Fab 3,523,WC 2,Olga,1603111,84.8,0,,,,,,,,,,
Supp1,Fab 3,523,WC 1,Paul,1603222,103.3,3.05,,,,,,,,,,
Supp1,Fab 3,523,WC 2,Paul,1603222,99.6,3.11,,,,,,,,,,
Supp1,Fab 3,523,WC 1,Olga,1603111,98.7,0,,,,,,,,,,
Supp1,Fab 3,523,WC 2,Paul,1603111,97.6,0,,,,,,,,,,
Supp1,Fab 3,523,WC 3,Philip,1603222,99.5,1.96,,,,,,,,,,
Supp1,Fab 3,523,WC 2,Philip,1603111,102.5,0,,,,,,,,,,
Supp1,Fab 3,523,WC 3,Philip,1603222,93.3,1.81,,,,,,,,,,
Supp1,Fab 3,523,WC 1,Olga,1603222,95.9,2.19,,,,,,,,,,
Supp1,Fab 3,523,WC 1,Olga,1603222,102.7,2.06,,,,,,,,,,
Supp1,Fab 3,523,WC 1,Paul,1603111,98.3,0,,,,,,,,,,
Supp1,Fab 3,523,WC 3,Philip,1603111,111.4,0,,,,,,,,,,
Supp1,Fab 3,523,WC 2,Paul,1603222,102.3,1.17,,,,,,,,,,
Supp1,Fab 3,524,WC 2,Olga,1603111,107.2,1.16,,,,,,,,,,
Supp1,Fab 3,524,WC 2,Philip,1603222,97.2,2.14,,,,,,,,,,
Supp1,Fab 3,524,WC 2,Olga,1603111,91.7,3.85,,,,,,,,,,
Supp1,Fab 3,524,WC 3,Olga,1603222,101.8,1.85,,,,,,,,,,
Supp1,Fab 3,524,WC 3,Paul,1603222,90,2.19,,,,,,,,,,
Supp1,Fab 3,524,WC 3,Paul,1603111,107.3,0,,,,,,,,,,
Supp1,Fab 3,524,WC 1,Philip,1603222,107.4,2.2,,,,,,,,,,
Supp1,Fab 3,524,WC 1,Philip,1603222,120.8,1.87,,,,,,,,,,
Supp1,Fab 3,524,WC 3,Olga,1603111,93.7,0,,,,,,,,,,
Supp1,Fab 3,524,WC 3,Philip,1603222,107.5,1.28,,,,,,,,,,
Supp1,Fab 3,524,WC 3,Paul,1603222,99.6,2.52,,,,,,,,,,
Supp1,Fab 3,524,WC 3,Philip,1603111,98.2,2.83,,,,,,,,,,
Supp1,Fab 3,525,WC 3,Philip,1603222,82.6,2.46,,,,,,,,,,
Supp1,Fab 3,525,WC 1,Philip,1603222,107.7,2.49,,,,,,,,,,
Supp1,Fab 3,525,WC 1,Olga,1603222,85.1,2.72,,,,,,,,,,
Supp1,Fab 3,525,WC 3,Olga,1603111,85.2,5.26,,,,,,,,,,
Supp1,Fab 3,525,WC 1,Philip,1603222,85.8,1.95,,,,,,,,,,
Supp1,Fab 3,525,WC 2,Olga,1603111,103.9,2.4,,,,,,,,,,
Supp1,Fab 3,525,WC 3,Philip,1603222,105.2,2.38,,,,,,,,,,
Supp1,Fab 3,525,WC 2,Olga,1603222,95.2,2.69,,,,,,,,,,
Supp1,Fab 3,525,WC 1,Philip,1603222,90.3,1.61,,,,,,,,,,
Supp1,Fab 3,525,WC 3,Philip,1603222,100,1.57,,,,,,,,,,
Supp1,Fab 3,525,WC 2,Olga,1603222,102.1,2.02,,,,,,,,,,
Supp1,Fab 3,525,WC 3,Olga,1603111,110.5,2.25,,,,,,,,,,
Supp1,Fab 3,525,WC 2,Paul,1603222,108.8,2.05,,,,,,,,,,
Supp1,Fab 3,525,WC 2,Walt,1603222,74.9,2.74,,,,,,,,,,
Supp1,Fab 3,525,WC 2,Philip,1603222,113.4,2.43,,,,,,,,,,
Supp1,Fab 3,525,WC 1,Philip,1603111,107.1,1.71,,,,,,,,,,
Supp1,Fab 3,525,WC 3,Philip,1603222,95.9,2.03,,,,,,,,,,
Supp1,Fab 3,526,WC 2,Olga,1603222,95.3,2.47,,,,,,,,,,
Supp1,Fab 3,526,WC 3,Olga,1603222,98.4,1.75,,,,,,,,,,
Supp1,Fab 3,526,WC 2,Philip,1603222,81.4,2.92,,,,,,,,,,
Supp1,Fab 3,526,WC 1,Olga,1603222,131.3,2.11,,,,,,,,,,
Supp1,Fab 3,526,WC 1,Philip,1603222,110.9,1.86,,,,,,,,,,
Supp1,Fab 3,526,WC 2,Paul,1603333,97.7,0,,,,,,,,,,
Supp1,Fab 3,526,WC 2,Philip,1603222,98.8,1.76,,,,,,,,,,
Supp1,Fab 3,526,WC 1,Paul,1603222,111.6,2.71,,,,,,,,,,
Supp1,Fab 3,526,WC 1,Philip,1603222,104.8,2.17,,,,,,,,,,
Supp1,Fab 3,526,WC 2,Philip,1603222,107,2.29,,,,,,,,,,
Supp1,Fab 3,526,WC 2,Philip,1603111,105.2,2.28,,,,,,,,,,
Supp1,Fab 3,526,WC 2,Paul,1603222,100.4,2.56,,,,,,,,,,
Supp1,Fab 3,526,WC 1,Olga,1603222,114.8,3.18,,,,,,,,,,
Supp1,Fab 3,526,WC 3,Philip,1603111,102,25,,,,,,,,,,
Supp1,Fab 3,526,WC 3,Paul,1603111,96,12.5,,,,,,,,,,
Supp1,Fab 3,526,WC 2,Olga,1603222,101.3,1.78,,,,,,,,,,
Supp1,Fab 3,526,WC 2,Philip,1603111,108.5,2.16,,,,,,,,,,
Supp1,Fab 3,526,WC 3,Philip,1603111,89.7,3.03,,,,,,,,,,
Supp1,Fab 3,526,WC 1,Paul,1603222,88.1,1.55,,,,,,,,,,
Supp1,Fab 3,526,WC 3,Olga,1603222,78.3,2.2,,,,,,,,,,
Supp1,Fab 3,527,WC 1,Paul,1603111,108.8,0,,,,,,,,,,
Supp1,Fab 3,527,WC 3,Philip,1603222,90.3,1.83,,,,,,,,,,
Supp1,Fab 3,527,WC 1,Philip,1603222,100.2,2.18,,,,,,,,,,
Supp1,Fab 3,527,WC 1,Philip,1603222,107.7,2.09,,,,,,,,,,
Supp1,Fab 3,527,WC 3,Olga,1603222,120.9,5.71,,,,,,,,,,
Supp1,Fab 3,527,WC 1,Paul,1603222,101.1,2.11,,,,,,,,,,
Supp1,Fab 3,527,WC 2,Olga,1603222,99.6,0.51,,,,,,,,,,
Supp1,Fab 3,528,WC 2,Philip,1603222,111.7,2.41,,,,,,,,,,
Supp1,Fab 3,528,WC 3,Paul,1603333,98.3,0,,,,,,,,,,
Supp1,Fab 3,528,WC 2,Paul,1603222,107.3,2.33,,,,,,,,,,
Supp1,Fab 3,528,WC 3,Philip,1603222,105.1,0,,,,,,,,,,
Supp1,Fab 3,528,WC 2,Walt,1603222,107.9,1.93,,,,,,,,,,
Supp1,Fab 3,528,WC 2,Walt,1603222,92.8,7.14,,,,,,,,,,
Supp1,Fab 3,528,WC 1,Olga,1603111,98.7,1.88,,,,,,,,,,
Supp1,Fab 3,528,WC 1,Olga,1603222,111.8,1.74,,,,,,,,,,
Supp1,Fab 3,529,WC 1,Olga,1603111,113,1.92,,,,,,,,,,
Supp1,Fab 3,529,WC 2,Paul,1603111,91.6,1.49,,,,,,,,,,
Supp1,Fab 3,529,WC 3,Philip,1603111,77.4,2.09,,,,,,,,,,
Supp1,Fab 3,529,WC 2,Philip,1603111,99.4,1.8,,,,,,,,,,
Supp1,Fab 3,529,WC 3,Olga,1603222,106.7,1,,,,,,,,,,
Supp1,Fab 3,529,WC 1,Walt,1603222,78.6,1.96,,,,,,,,,,
Supp1,Fab 3,530,WC 3,Philip,1603222,84.1,1.98,,,,,,,,,,
Supp1,Fab 3,530,WC 2,Walt,1603222,95.6,2.45,,,,,,,,,,
Supp1,Fab 3,530,WC 1,Walt,1603222,100.8,0,,,,,,,,,,
Supp1,Fab 3,530,WC 2,Olga,1603222,116.3,2.27,,,,,,,,,,
Supp1,Fab 3,530,WC 3,Paul,1603222,84.6,2.11,,,,,,,,,,
Supp1,Fab 3,530,WC 2,Paul,1603222,104.5,1.79,,,,,,,,,,
Supp1,Fab 3,530,WC 2,Paul,1603222,99,2.14,,,,,,,,,,
Supp1,Fab 3,530,WC 3,Olga,1603222,89.2,2.3,,,,,,,,,,
Supp1,Fab 2,513,WC 3,Walt,1603222,110.9,2.7,,,,,,,,,,
Supp1,Fab 2,515,WC 1,Olga,1603111,85.7,2.2,,,,,,,,,,
Supp1,Fab 2,517,WC 3,Olga,1603222,77.9,1.54,,,,,,,,,,
Supp1,Fab 2,520,WC 3,Olga,1603222,99.4,2.27,,,,,,,,,,
Supp1,Fab 2,520,WC 2,Philip,1603111,108,2.33,,,,,,,,,,
Supp1,Fab 2,522,WC 3,Paul,1603111,121,0,,,,,,,,,,
Supp1,Fab 2,524,WC 1,Olga,1603222,99.6,2.07,,,,,,,,,,
Supp1,Fab 2,528,WC 1,Paul,1603111,108.2,0.51,,,,,,,,,,
Supp1,Fab 2,528,WC 1,Olga,1603222,93.4,1.84,,,,,,,,,,
Supp1,Fab 2,528,WC 2,Walt,1603222,96.1,1.32,,,,,,,,,,
Supp1,Fab 2,528,WC 2,Philip,1603222,91.3,2.78,,,,,,,,,,
Supp1,Fab 2,528,WC 2,Olga,1603222,113.7,0.8,,,,,,,,,,
Supp1,Fab 2,528,WC 2,Philip,1603222,108.2,2.18,,,,,,,,,,
Supp1,Fab 2,528,WC 3,Walt,1603111,106,1.46,,,,,,,,,,
Supp1,Fab 2,528,WC 1,Olga,1603222,113.5,1.94,,,,,,,,,,
Supp1,Fab 2,528,WC 3,Walt,1603222,98,0,,,,,,,,,,
Supp1,Fab 2,529,WC 1,Paul,1603111,91.9,2.5,,,,,,,,,,
Supp1,Fab 2,529,WC 1,Walt,1603222,106.6,2.17,,,,,,,,,,
Supp1,Fab 2,529,WC 2,Philip,1603222,92.3,2.06,,,,,,,,,,
Supp1,Fab 2,529,WC 2,Philip,1603222,111.2,1.78,,,,,,,,,,
Supp1,Fab 2,529,WC 2,Olga,1603222,103.9,1.99,,,,,,,,,,
Supp1,Fab 2,529,WC 2,Philip,1603222,84,2.07,,,,,,,,,,
Supp1,Fab 2,529,WC 2,Olga,1603222,101.5,2.03,,,,,,,,,,
Supp1,Fab 2,529,WC 1,Paul,1603222,101.6,2.45,,,,,,,,,,
Supp1,Fab 2,529,WC 3,Olga,1603222,103.8,1.94,,,,,,,,,,
Supp1,Fab 2,529,WC 3,Olga,1603222,95.3,1.23,,,,,,,,,,
Supp1,Fab 2,530,WC 1,Olga,1603222,104.9,2.3,,,,,,,,,,
Supp1,Fab 2,530,WC 2,Olga,1603222,114.1,1.24,,,,,,,,,,
Supp1,Fab 2,530,WC 2,Olga,1603222,110.1,2.54,,,,,,,,,,
Supp1,Fab 2,530,WC 2,Philip,1603222,96,1.36,,,,,,,,,,
Supp1,Fab 2,530,WC 3,Olga,1603222,98.9,2.21,,,,,,,,,,
Supp1,Fab 2,531,WC 1,Paul,1603222,121.8,2.09,,,,,,,,,,
Supp1,Fab 2,531,WC 2,Olga,1603222,101.2,1.69,,,,,,,,,,
Supp1,Fab 2,531,WC 2,Philip,1603222,117.4,2.16,,,,,,,,,,
Supp1,Fab 2,531,WC 3,Paul,1603222,98.8,1.42,,,,,,,,,,
Supp1,Fab 2,531,WC 3,Philip,1603222,108.9,1.99,,,,,,,,,,
Supp1,Fab 2,531,WC 1,Walt,1603222,111.8,1.25,,,,,,,,,,
Supp1,Fab 2,531,WC 1,Olga,1603222,90.1,2.21,,,,,,,,,,
Supp1,Fab 2,531,WC 3,Olga,1603222,101.3,1.6,,,,,,,,,,
Supp1,Fab 2,531,WC 2,Philip,1603222,111.7,2.17,,,,,,,,,,
Supp1,Fab 2,531,WC 3,Philip,1603222,89.1,1.67,,,,,,,,,,
Supp1,Fab 2,531,WC 1,Olga,1603222,91.4,2.81,,,,,,,,,,
Supp1,Fab 2,531,WC 1,Walt,1603222,110,2.09,,,,,,,,,,
Supp1,Fab 2,531,WC 1,Paul,1603222,92.6,1.88,,,,,,,,,,
Supp1,Fab 2,531,WC 3,Philip,1603222,84.1,1.72,,,,,,,,,,
Supp1,Fab 2,531,WC 1,Olga,1603222,129.2,1.77,,,,,,,,,,
Supp1,Fab 2,531,WC 1,Paul,1603111,100,2.43,,,,,,,,,,
Supp1,Fab 2,531,WC 2,Olga,1603111,104.4,2.3,,,,,,,,,,
Supp1,Fab 2,531,WC 2,Olga,1603222,100.7,2.31,,,,,,,,,,
Supp1,Fab 2,531,WC 3,Paul,1603222,128.4,2,,,,,,,,,,
Supp1,Fab 2,531,WC 3,Philip,1603222,102.8,0,,,,,,,,,,
Supp1,Fab 2,532,WC 2,Paul,1603222,112.1,2.12,,,,,,,,,,
Supp1,Fab 2,532,WC 3,Olga,1603222,106.2,2.78,,,,,,,,,,
Supp1,Fab 2,532,WC 2,Walt,1603222,91,2.28,,,,,,,,,,
Supp1,Fab 2,532,WC 2,Olga,1603222,103,2.5,,,,,,,,,,
Supp1,Fab 2,532,WC 3,Walt,1603222,99.6,1.97,,,,,,,,,,
Supp1,Fab 2,532,WC 3,Paul,1603222,100,2.32,,,,,,,,,,
Supp1,Fab 2,532,WC 3,Paul,1603111,96.6,1.65,,,,,,,,,,
Supp1,Fab 2,532,WC 1,Olga,1603222,95.9,1.74,,,,,,,,,,
Supp1,Fab 2,532,WC 3,Paul,1603222,110,2.15,,,,,,,,,,
Supp1,Fab 2,532,WC 3,Walt,1603222,96,1.76,,,,,,,,,,
Supp1,Fab 2,532,WC 3,Paul,1603222,75.9,1.73,,,,,,,,,,
Supp1,Fab 2,532,WC 2,Walt,1603222,97.6,1.88,,,,,,,,,,
Supp1,Fab 2,532,WC 3,Olga,1603222,109,2.14,,,,,,,,,,
Supp1,Fab 2,533,WC 3,Philip,1603111,103.5,1.69,,,,,,,,,,
Supp1,Fab 2,533,WC 1,Olga,1603222,92.4,2.11,,,,,,,,,,
Supp1,Fab 2,533,WC 2,Paul,1603222,115.4,2.66,,,,,,,,,,
Supp1,Fab 2,533,WC 3,Paul,1603222,104.4,2.61,,,,,,,,,,
Supp1,Fab 2,533,WC 1,Paul,1603222,93.8,1.93,,,,,,,,,,
Supp1,Fab 2,533,WC 1,Walt,1603111,95.9,1.61,,,,,,,,,,
Supp1,Fab 2,533,WC 1,Philip,1603222,102.2,1.83,,,,,,,,,,
Supp1,Fab 2,533,WC 3,Paul,1603222,85.7,2.33,,,,,,,,,,
Supp1,Fab 2,534,WC 2,Paul,1603111,117.8,1.85,,,,,,,,,,
Supp1,Fab 2,534,WC 1,Olga,1603111,100,3.08,,,,,,,,,,
Supp1,Fab 2,534,WC 3,Walt,1603111,106,2.35,,,,,,,,,,
Supp1,Fab 2,534,WC 3,Olga,1603111,88,4.29,,,,,,,,,,
Supp1,Fab 2,534,WC 1,Walt,1603111,96,1.68,,,,,,,,,,
Supp1,Fab 2,534,WC 1,Olga,1603111,99.8,2.02,,,,,,,,,,
Supp1,Fab 2,534,WC 2,Philip,1603111,112.3,2.38,,,,,,,,,,
Supp1,Fab 2,535,WC 2,Paul,1603222,104.7,1.91,,,,,,,,,,
Supp1,Fab 1,508,WC 2,Olga,1603111,102.8,0.96,,,,,,,,,,
Supp1,Fab 1,509,WC 1,Walt,1603333,108.5,0,,,,,,,,,,
Supp1,Fab 1,512,WC 2,Olga,1603222,100.7,0,,,,,,,,,,
Supp1,Fab 1,512,WC 2,Olga,1603222,93.7,13.95,,,,,,,,,,
Supp1,Fab 1,514,WC 2,Walt,1603222,89.6,2.56,,,,,,,,,,
Supp1,Fab 1,514,WC 2,Paul,1603222,120.8,2.33,,,,,,,,,,
Supp1,Fab 1,515,WC 3,Philip,1603111,95.3,5.81,,,,,,,,,,
Supp1,Fab 1,515,WC 2,Philip,1603222,112.5,2.51,,,,,,,,,,
Supp1,Fab 1,515,WC 1,Olga,1603111,106.6,2.13,,,,,,,,,,
Supp1,Fab 1,515,WC 1,Olga,1603222,90.8,2.48,,,,,,,,,,
Supp1,Fab 1,516,WC 3,Philip,1603111,111.2,2.27,,,,,,,,,,
Supp1,Fab 1,516,WC 3,Walt,1603111,110.7,0.72,,,,,,,,,,
Supp1,Fab 1,516,WC 2,Philip,1603111,96.3,0,,,,,,,,,,
Supp1,Fab 1,516,WC 3,Walt,1603111,113.5,1.79,,,,,,,,,,
Supp1,Fab 1,516,WC 1,Philip,1603222,103.4,1.57,,,,,,,,,,
Supp1,Fab 1,517,WC 3,Paul,1603111,85,0,,,,,,,,,,
Supp1,Fab 1,517,WC 3,Philip,1603222,99.6,1.52,,,,,,,,,,
Supp1,Fab 1,517,WC 3,Philip,1603111,90.2,1.12,,,,,,,,,,
Supp1,Fab 1,517,WC 3,Philip,1603222,91.7,1.39,,,,,,,,,,
Supp1,Fab 1,517,WC 2,Paul,1603111,100.8,0,,,,,,,,,,
Supp1,Fab 1,517,WC 3,Paul,1603111,110.9,2.62,,,,,,,,,,
Supp1,Fab 1,518,WC 2,Philip,1603222,103.1,2.18,,,,,,,,,,
Supp1,Fab 1,518,WC 3,Paul,1603111,106.5,0,,,,,,,,,,
Supp1,Fab 1,518,WC 1,Philip,1603111,105.5,3.26,,,,,,,,,,
Supp1,Fab 1,519,WC 2,Philip,1603111,112.9,0,,,,,,,,,,
Supp1,Fab 1,519,WC 3,Philip,1603111,91.9,4.76,,,,,,,,,,
Supp1,Fab 1,519,WC 2,Walt,1603111,82.7,4.05,,,,,,,,,,
Supp1,Fab 1,519,WC 3,Philip,1603111,111.7,0,,,,,,,,,,
Supp1,Fab 1,519,WC 2,Philip,1603111,112.5,0,,,,,,,,,,
Supp1,Fab 1,519,WC 3,Philip,1603222,90.7,0,,,,,,,,,,
Supp1,Fab 1,519,WC 2,Olga,1603111,96.6,2.25,,,,,,,,,,
Supp1,Fab 1,519,WC 3,Walt,1603222,99.4,0,,,,,,,,,,
Supp1,Fab 1,519,WC 1,Olga,1603111,94,0,,,,,,,,,,
Supp1,Fab 1,520,WC 2,Olga,1603222,113.4,0,,,,,,,,,,
Supp1,Fab 1,520,WC 1,Olga,1603222,92.4,2.85,,,,,,,,,,
Supp1,Fab 1,521,WC 3,Walt,1603222,104.4,0,,,,,,,,,,
Supp1,Fab 1,521,WC 3,Olga,1603111,96.4,0,,,,,,,,,,
Supp1,Fab 1,521,WC 1,Philip,1603111,90.7,0,,,,,,,,,,
Supp1,Fab 1,521,WC 3,Paul,1603222,106.5,2.94,,,,,,,,,,
Supp1,Fab 1,521,WC 1,Philip,1603111,97,0.61,,,,,,,,,,
Supp1,Fab 1,521,WC 3,Walt,1603222,103.8,0,,,,,,,,,,
Supp1,Fab 1,521,WC 3,Olga,1603111,90,0,,,,,,,,,,
Supp1,Fab 1,521,WC 3,Paul,1603222,87.4,1.03,,,,,,,,,,
Supp1,Fab 1,522,WC 3,Philip,1603111,93.9,0.85,,,,,,,,,,
Supp1,Fab 1,522,WC 1,Paul,1603222,92.4,2.25,,,,,,,,,,
Supp1,Fab 1,522,WC 1,Paul,1603222,99.4,0,,,,,,,,,,
Supp1,Fab 1,522,WC 1,Paul,1603222,112.1,2.3,,,,,,,,,,
Supp1,Fab 1,522,WC 2,Paul,1603222,90.2,1.14,,,,,,,,,,
Supp1,Fab 1,522,WC 2,Walt,1603222,104.3,1.7,,,,,,,,,,
Supp1,Fab 1,522,WC 1,Olga,1603111,89.4,0,,,,,,,,,,
Supp1,Fab 1,522,WC 2,Walt,1603222,116.9,7.14,,,,,,,,,,
Supp1,Fab 1,522,WC 2,Paul,1603333,73.9,0,,,,,,,,,,
Supp1,Fab 1,522,WC 3,Philip,1603222,110.2,0,,,,,,,,,,
Supp1,Fab 1,522,WC 2,Philip,1603222,111,2.15,,,,,,,,,,
Supp1,Fab 1,522,WC 3,Paul,1603222,108.4,2.47,,,,,,,,,,
Supp1,Fab 1,523,WC 3,Philip,1603111,103.8,0,,,,,,,,,,
Supp1,Fab 1,523,WC 2,Walt,1603222,90.7,5.56,,,,,,,,,,
Supp1,Fab 1,523,WC 3,Philip,1603111,106.9,0,,,,,,,,,,
Supp1,Fab 1,523,WC 2,Philip,1603333,110.4,0,,,,,,,,,,
Supp1,Fab 1,523,WC 3,Olga,1603222,90.6,0,,,,,,,,,,
Supp1,Fab 1,523,WC 3,Philip,1603111,92.2,0,,,,,,,,,,
Supp1,Fab 1,523,WC 3,Walt,1603111,92.5,0,,,,,,,,,,
Supp1,Fab 1,523,WC 2,Philip,1603222,108.5,2.38,,,,,,,,,,
Supp1,Fab 1,523,WC 3,Olga,1603111,103.5,2.06,,,,,,,,,,
Supp1,Fab 1,523,WC 2,Philip,1603222,96.7,2.31,,,,,,,,,,
Supp1,Fab 1,523,WC 3,Olga,1603111,118.6,1.92,,,,,,,,,,
Supp1,Fab 1,523,WC 3,Philip,1603222,91.8,1.73,,,,,,,,,,
Supp1,Fab 1,523,WC 2,Olga,1603222,101.5,1.15,,,,,,,,,,
Supp1,Fab 1,523,WC 1,Walt,1603111,93.9,2.04,,,,,,,,,,
Supp1,Fab 1,523,WC 2,Olga,1603111,98.1,6.06,,,,,,,,,,
Supp1,Fab 1,523,WC 3,Paul,1603222,102.4,1.81,,,,,,,,,,
Supp1,Fab 1,523,WC 2,Philip,1603111,80,5.26,,,,,,,,,,
Supp1,Fab 1,523,WC 1,Olga,1603222,83.5,1.99,,,,,,,,,,
Supp1,Fab 1,524,WC 2,Philip,1603222,98.2,0,,,,,,,,,,
Supp1,Fab 1,524,WC 1,Walt,1603222,89.9,5.26,,,,,,,,,,
Supp1,Fab 1,524,WC 2,Philip,1603222,103.9,1.95,,,,,,,,,,
Supp1,Fab 1,524,WC 3,Paul,1603222,115.7,1.32,,,,,,,,,,
Supp1,Fab 1,524,WC 3,Philip,1603222,110,2.33,,,,,,,,,,
Supp1,Fab 1,524,WC 1,Paul,1603222,117.3,2.68,,,,,,,,,,
Supp1,Fab 1,524,WC 3,Philip,1603222,98.3,2.84,,,,,,,,,,
Supp1,Fab 1,524,WC 1,Olga,1603222,104.5,2.27,,,,,,,,,,
Supp1,Fab 1,524,WC 3,Paul,1603222,111.2,0,,,,,,,,,,
Supp1,Fab 1,524,WC 2,Philip,1603222,110.6,1.88,,,,,,,,,,
Supp1,Fab 1,524,WC 1,Philip,1603222,97.3,2.63,,,,,,,,,,
Supp1,Fab 1,524,WC 3,Walt,1603222,88.4,3.17,,,,,,,,,,
Supp1,Fab 1,524,WC 1,Olga,1603222,111.1,2.17,,,,,,,,,,
Supp1,Fab 1,524,WC 3,Walt,1603222,110.4,1.72,,,,,,,,,,
Supp1,Fab 1,524,WC 2,Paul,1603222,101.6,1.42,,,,,,,,,,
Supp1,Fab 1,524,WC 1,Olga,1603222,99.5,4.55,,,,,,,,,,
Supp1,Fab 1,524,WC 3,Philip,1603222,96.4,1.71,,,,,,,,,,
Supp1,Fab 1,524,WC 1,Walt,1603222,112.2,2.51,,,,,,,,,,
Supp1,Fab 1,524,WC 2,Philip,1603111,108.6,1.51,,,,,,,,,,
Supp1,Fab 1,524,WC 2,Walt,1603222,105.2,2.09,,,,,,,,,,
Supp1,Fab 1,524,WC 3,Philip,1603222,86.5,2.94,,,,,,,,,,
Supp1,Fab 1,524,WC 1,Olga,1603222,100.5,1.94,,,,,,,,,,
Supp1,Fab 1,524,WC 3,Philip,1603222,94.2,2.35,,,,,,,,,,
Supp1,Fab 1,524,WC 2,Olga,1603222,103.3,1.85,,,,,,,,,,
Supp1,Fab 1,524,WC 2,Walt,1603111,84.7,1.6,,,,,,,,,,
Supp1,Fab 1,524,WC 2,Paul,1603222,96.7,1.86,,,,,,,,,,
Supp1,Fab 1,524,WC 3,Philip,1603222,92.2,2.33,,,,,,,,,,
Supp1,Fab 1,525,WC 2,Philip,1603222,92.1,0,,,,,,,,,,
Supp1,Fab 1,525,WC 2,Olga,1603222,93.7,1.75,,,,,,,,,,
Supp1,Fab 1,525,WC 1,Philip,1603222,100.9,2.37,,,,,,,,,,
Supp1,Fab 1,526,WC 1,Walt,1603111,101.2,1.8,,,,,,,,,,
Supp1,Fab 1,526,WC 3,Philip,1603222,124,1.55,,,,,,,,,,
Supp1,Fab 1,526,WC 1,Walt,1603111,75.6,0,,,,,,,,,,
Supp1,Fab 1,526,WC 2,Philip,1603222,117.4,1.81,,,,,,,,,,
Supp1,Fab 1,527,WC 1,Olga,1603222,96.7,1.2,,,,,,,,,,
Supp1,Fab 1,527,WC 1,Olga,1603111,104.2,2.3,,,,,,,,,,
Supp1,Fab 1,527,WC 1,Olga,1603222,118.6,2.38,,,,,,,,,,
Supp1,Fab 1,528,WC 2,Olga,1603222,91.5,1.33,,,,,,,,,,
Supp1,Fab 1,528,WC 2,Olga,1603222,114.8,2.3,,,,,,,,,,
Supp1,Fab 1,528,WC 2,Philip,1603111,92.3,1.76,,,,,,,,,,
Supp1,Fab 1,528,WC 1,Philip,1603111,99.7,2.64,,,,,,,,,,
Supp1,Fab 1,528,WC 1,Paul,1603222,103.8,1.63,,,,,,,,,,
Supp1,Fab 1,529,WC 3,Philip,1603222,111.6,1.49,,,,,,,,,,
Supp1,Fab 1,529,WC 3,Paul,1603222,83,1.79,,,,,,,,,,
Supp1,Fab 1,529,WC 2,Olga,1603222,98.7,3,,,,,,,,,,
Supp1,Fab 1,529,WC 2,Olga,1603222,103,0,,,,,,,,,,
Supp1,Fab 1,529,WC 3,Paul,1603222,105.2,1.89,,,,,,,,,,
Supp1,Fab 1,529,WC 2,Philip,1603222,113.4,2.37,,,,,,,,,,
Supp1,Fab 1,529,WC 1,Philip,1603222,104.5,2.97,,,,,,,,,,
Supp1,Fab 1,529,WC 2,Philip,1603222,90.1,0,,,,,,,,,,
Supp1,Fab 1,529,WC 1,Philip,1603222,96.2,3.57,,,,,,,,,,
Supp1,Fab 1,529,WC 3,Paul,1603222,99.3,2.56,,,,,,,,,,
Supp1,Fab 1,529,WC 2,Philip,1603222,114.6,1.46,,,,,,,,,,
Supp1,Fab 1,529,WC 2,Philip,1603222,97,3.51,,,,,,,,,,
Supp1,Fab 1,529,WC 3,Walt,1603111,105.9,0,,,,,,,,,,
Supp1,Fab 1,529,WC 1,Philip,1603222,116.8,2.28,,,,,,,,,,
Supp1,Fab 1,529,WC 3,Olga,1603222,104.7,2.19,,,,,,,,,,
Supp1,Fab 1,529,WC 1,Olga,1603222,89.2,2,,,,,,,,,,
Supp1,Fab 1,529,WC 3,Philip,1603222,103.6,0,,,,,,,,,,
Supp1,Fab 1,529,WC 3,Paul,1603222,116.2,1.97,,,,,,,,,,
Supp1,Fab 1,529,WC 3,Olga,1603111,103.8,1.56,,,,,,,,,,
Supp1,Fab 1,530,WC 1,Philip,1603222,95.5,1.82,,,,,,,,,,
Supp1,Fab 1,530,WC 1,Philip,1603222,100.9,2.7,,,,,,,,,,
Supp1,Fab 1,530,WC 1,Paul,1603222,102.8,1.82,,,,,,,,,,
Supp1,Fab 1,530,WC 3,Olga,1603222,104.2,1.83,,,,,,,,,,
Supp1,Fab 1,530,WC 2,Paul,1603111,112.7,1.02,,,,,,,,,,
Supp1,Fab 1,533,WC 2,Walt,1603222,115,2.12,,,,,,,,,,
Supp2,Fab 3,510,WC 2,Paul,1603222,79.9,2.48,,,,,,,,,,
Supp2,Fab 3,510,WC 2,Philip,1603111,99.3,2.02,,,,,,,,,,
Supp2,Fab 3,511,WC 3,Paul,1603222,120.5,2.27,,,,,,,,,,
Supp2,Fab 3,512,WC 2,Paul,1603222,104,1.99,,,,,,,,,,
Supp2,Fab 3,513,WC 2,Olga,1603222,114.8,2.74,,,,,,,,,,
Supp2,Fab 3,513,WC 2,Philip,1603111,106.2,0,,,,,,,,,,
Supp2,Fab 3,514,WC 3,Paul,1603222,100.8,1.81,,,,,,,,,,
Supp2,Fab 3,514,WC 1,Paul,1603222,101.3,3.01,,,,,,,,,,
Supp2,Fab 3,514,WC 2,Paul,1603222,101.1,0,,,,,,,,,,
Supp2,Fab 3,514,WC 3,Philip,1603222,109.7,0,,,,,,,,,,
Supp2,Fab 3,515,WC 2,Philip,1603111,98.6,0,,,,,,,,,,
Supp2,Fab 3,515,WC 1,Philip,1603222,97.8,2.28,,,,,,,,,,
Supp2,Fab 3,515,WC 2,Paul,1603222,111.9,2.75,,,,,,,,,,
Supp2,Fab 3,516,WC 1,Paul,1603222,94.3,2.54,,,,,,,,,,
Supp2,Fab 3,516,WC 2,Philip,1603222,100.8,2.41,,,,,,,,,,
Supp2,Fab 3,516,WC 3,Philip,1603111,90.2,2.34,,,,,,,,,,
Supp2,Fab 3,516,WC 2,Paul,1603222,92.5,2.27,,,,,,,,,,
Supp2,Fab 3,517,WC 3,Philip,1603222,104.3,1.32,,,,,,,,,,
Supp2,Fab 3,517,WC 1,Olga,1603222,94.2,7.14,,,,,,,,,,
Supp2,Fab 3,517,WC 3,Paul,1603222,99.5,0,,,,,,,,,,
Supp2,Fab 3,517,WC 3,Philip,1603111,106.7,7.14,,,,,,,,,,
Supp2,Fab 3,517,WC 1,Philip,1603111,87.1,2.06,,,,,,,,,,
Supp2,Fab 3,517,WC 1,Olga,1603111,98.4,0,,,,,,,,,,
Supp2,Fab 3,517,WC 2,Walt,1603222,80.6,1.73,,,,,,,,,,
Supp2,Fab 3,517,WC 3,Philip,1603222,96.6,1.86,,,,,,,,,,
Supp2,Fab 3,518,WC 3,Olga,1603222,95,1.45,,,,,,,,,,
Supp2,Fab 3,518,WC 2,Philip,1603222,114.3,2.19,,,,,,,,,,
Supp2,Fab 3,518,WC 2,Philip,1603222,85.3,0,,,,,,,,,,
Supp2,Fab 3,518,WC 1,Paul,1603111,82.2,1.54,,,,,,,,,,
Supp2,Fab 3,518,WC 2,Olga,1603222,99.7,1.63,,,,,,,,,,
Supp2,Fab 3,518,WC 1,Paul,1603222,96.6,0.81,,,,,,,,,,
Supp2,Fab 3,518,WC 1,Paul,1603222,92.9,2.1,,,,,,,,,,
Supp2,Fab 3,518,WC 2,Paul,1603111,100.2,0,,,,,,,,,,
Supp2,Fab 3,518,WC 3,Walt,1603222,109.2,2.17,,,,,,,,,,
Supp2,Fab 3,518,WC 2,Paul,1603222,95.1,2.36,,,,,,,,,,
Supp2,Fab 3,518,WC 3,Olga,1603111,91.9,1.85,,,,,,,,,,
Supp2,Fab 3,518,WC 3,Paul,1603222,73.5,1.83,,,,,,,,,,
Supp2,Fab 3,518,WC 2,Olga,1603222,100.5,2.33,,,,,,,,,,
Supp2,Fab 3,518,WC 1,Paul,1603222,110.8,1.86,,,,,,,,,,
Supp2,Fab 3,519,WC 2,Olga,1603222,98.1,2.89,,,,,,,,,,
Supp2,Fab 3,519,WC 2,Philip,1603222,84.7,2.97,,,,,,,,,,
Supp2,Fab 3,519,WC 2,Olga,1603111,90.5,4.88,,,,,,,,,,
Supp2,Fab 3,519,WC 2,Philip,1603111,112.6,0,,,,,,,,,,
Supp2,Fab 3,519,WC 1,Paul,1603333,105.9,6.9,,,,,,,,,,
Supp2,Fab 3,519,WC 2,Paul,1603111,115.2,1.49,,,,,,,,,,
Supp2,Fab 3,519,WC 2,Olga,1603222,79,1.65,,,,,,,,,,
Supp2,Fab 3,519,WC 3,Paul,1603222,103.3,1.44,,,,,,,,,,
Supp2,Fab 3,519,WC 3,Philip,1603111,87.8,2.99,,,,,,,,,,
Supp2,Fab 3,519,WC 2,Olga,1603111,112.2,1.94,,,,,,,,,,
Supp2,Fab 3,519,WC 3,Paul,1603222,108.7,2.56,,,,,,,,,,
Supp2,Fab 3,519,WC 2,Walt,1603111,106,0,,,,,,,,,,
Supp2,Fab 3,519,WC 2,Philip,1603222,102.2,1.49,,,,,,,,,,
Supp2,Fab 3,519,WC 3,Olga,1603222,87.3,1.87,,,,,,,,,,
Supp2,Fab 3,519,WC 2,Philip,1603111,115.1,2.6,,,,,,,,,,
Supp2,Fab 3,519,WC 2,Olga,1603222,101.5,1.34,,,,,,,,,,
Supp2,Fab 3,519,WC 1,Philip,1603222,89.8,2.46,,,,,,,,,,
Supp2,Fab 3,519,WC 1,Walt,1603333,87.3,0,,,,,,,,,,
Supp2,Fab 3,519,WC 1,Philip,1603111,94.6,7.41,,,,,,,,,,
Supp2,Fab 3,519,WC 2,Philip,1603222,98.8,1.65,,,,,,,,,,
Supp2,Fab 3,520,WC 2,Paul,1603222,96.3,2.62,,,,,,,,,,
Supp2,Fab 3,520,WC 1,Philip,1603222,114.4,1.75,,,,,,,,,,
Supp2,Fab 3,520,WC 2,Philip,1603222,108.7,2.43,,,,,,,,,,
Supp2,Fab 3,520,WC 2,Paul,1603222,84.5,1.83,,,,,,,,,,
Supp2,Fab 3,520,WC 3,Philip,1603222,94.5,2.22,,,,,,,,,,
Supp2,Fab 3,520,WC 3,Philip,1603222,90.4,3.66,,,,,,,,,,
Supp2,Fab 3,520,WC 1,Olga,1603222,82.6,3.52,,,,,,,,,,
Supp2,Fab 3,520,WC 2,Olga,1603222,93.9,1.43,,,,,,,,,,
Supp2,Fab 3,520,WC 3,Olga,1603222,106.9,2.86,,,,,,,,,,
Supp2,Fab 3,520,WC 1,Philip,1603222,97.6,2.26,,,,,,,,,,
Supp2,Fab 3,520,WC 2,Paul,1603222,104.2,1.12,,,,,,,,,,
Supp2,Fab 3,520,WC 2,Philip,1603111,104.9,0,,,,,,,,,,
Supp2,Fab 3,520,WC 3,Philip,1603222,101.5,2.48,,,,,,,,,,
Supp2,Fab 3,520,WC 1,Olga,1603111,98.1,3.7,,,,,,,,,,
Supp2,Fab 3,520,WC 3,Olga,1603222,119.5,2.84,,,,,,,,,,
Supp2,Fab 3,520,WC 3,Paul,1603111,94.2,0,,,,,,,,,,
Supp2,Fab 3,520,WC 2,Olga,1603222,93.6,4.48,,,,,,,,,,
Supp2,Fab 3,520,WC 3,Paul,1603222,103.5,2.21,,,,,,,,,,
Supp2,Fab 3,520,WC 1,Olga,1603111,80.6,1.35,,,,,,,,,,
Supp2,Fab 3,521,WC 1,Philip,1603111,78,0,,,,,,,,,,
Supp2,Fab 3,521,WC 2,Philip,1603222,107.2,1.13,,,,,,,,,,
Supp2,Fab 3,521,WC 1,Walt,1603222,92.5,3.33,,,,,,,,,,
Supp2,Fab 3,521,WC 2,Olga,1603111,111.5,2.69,,,,,,,,,,
Supp2,Fab 3,521,WC 3,Philip,1603222,94.7,2.35,,,,,,,,,,
Supp2,Fab 3,521,WC 1,Walt,1603222,118.5,2.4,,,,,,,,,,
Supp2,Fab 3,521,WC 1,Paul,1603222,104.1,2.03,,,,,,,,,,
Supp2,Fab 3,521,WC 1,Olga,1603333,106.9,5.88,,,,,,,,,,
Supp2,Fab 3,521,WC 2,Walt,1603222,93.4,0.39,,,,,,,,,,
Supp2,Fab 3,521,WC 2,Olga,1603111,107.8,0,,,,,,,,,,
Supp2,Fab 3,521,WC 1,Walt,1603222,104.8,2.55,,,,,,,,,,
Supp2,Fab 3,521,WC 2,Paul,1603111,111.7,7.69,,,,,,,,,,
Supp2,Fab 3,521,WC 1,Walt,1603222,109.8,1.7,,,,,,,,,,
Supp2,Fab 3,521,WC 3,Philip,1603222,94.5,1.79,,,,,,,,,,
Supp2,Fab 3,521,WC 1,Paul,1603222,105.7,0,,,,,,,,,,
Supp2,Fab 3,521,WC 2,Philip,1603222,103.2,0,,,,,,,,,,
Supp2,Fab 3,521,WC 2,Paul,1603222,111.4,1.88,,,,,,,,,,
Supp2,Fab 3,521,WC 1,Philip,1603222,103,1.96,,,,,,,,,,
Supp2,Fab 3,521,WC 3,Paul,1603111,97.5,12.5,,,,,,,,,,
Supp2,Fab 3,521,WC 1,Paul,1603222,98.7,2.52,,,,,,,,,,
Supp2,Fab 3,521,WC 2,Philip,1603222,95.9,1.86,,,,,,,,,,
Supp2,Fab 3,521,WC 2,Walt,1603222,115.4,1.24,,,,,,,,,,
Supp2,Fab 3,521,WC 3,Olga,1603111,91.9,0,,,,,,,,,,
Supp2,Fab 3,521,WC 1,Philip,1603111,93.1,0,,,,,,,,,,
Supp2,Fab 3,522,WC 1,Paul,1603222,114.4,2.1,,,,,,,,,,
Supp2,Fab 3,522,WC 3,Olga,1603222,103.4,10,,,,,,,,,,
Supp2,Fab 3,522,WC 2,Philip,1603111,109.9,2.38,,,,,,,,,,
Supp2,Fab 3,522,WC 2,Olga,1603222,76.8,1.73,,,,,,,,,,
Supp2,Fab 3,522,WC 3,Philip,1603222,97.9,2.48,,,,,,,,,,
Supp2,Fab 3,522,WC 2,Olga,1603222,92.1,3.23,,,,,,,,,,
Supp2,Fab 3,522,WC 2,Walt,1603222,97.8,2.42,,,,,,,,,,
Supp2,Fab 3,522,WC 1,Philip,1603222,89.1,1.41,,,,,,,,,,
Supp2,Fab 3,522,WC 3,Olga,1603222,110.7,2.55,,,,,,,,,,
Supp2,Fab 3,522,WC 1,Olga,1603222,102.8,1.04,,,,,,,,,,
Supp2,Fab 3,522,WC 3,Philip,1603111,111.1,1.75,,,,,,,,,,
Supp2,Fab 3,522,WC 3,Paul,1603111,115.8,2.37,,,,,,,,,,
Supp2,Fab 3,522,WC 2,Philip,1603222,83.7,1.88,,,,,,,,,,
Supp2,Fab 3,522,WC 2,Olga,1603222,96.7,1.92,,,,,,,,,,
Supp2,Fab 3,523,WC 3,Walt,1603111,104.4,0,,,,,,,,,,
Supp2,Fab 3,523,WC 3,Paul,1603111,91.4,0,,,,,,,,,,
Supp2,Fab 3,523,WC 1,Walt,1603222,130.7,2.16,,,,,,,,,,
Supp2,Fab 3,523,WC 2,Philip,1603111,90.1,2.45,,,,,,,,,,
Supp2,Fab 3,523,WC 2,Paul,1603222,103.1,0,,,,,,,,,,
Supp2,Fab 3,523,WC 1,Walt,1603222,104.8,1.5,,,,,,,,,,
Supp2,Fab 3,523,WC 3,Olga,1603222,94.7,1.98,,,,,,,,,,
Supp2,Fab 3,523,WC 2,Olga,1603111,103.2,0,,,,,,,,,,
Supp2,Fab 3,523,WC 1,Paul,1603222,103.2,3.05,,,,,,,,,,
Supp2,Fab 3,523,WC 2,Paul,1603222,89,3.11,,,,,,,,,,
Supp2,Fab 3,523,WC 1,Olga,1603111,88.1,0,,,,,,,,,,
Supp2,Fab 3,523,WC 2,Paul,1603111,86.8,0,,,,,,,,,,
Supp2,Fab 3,523,WC 3,Philip,1603222,103.2,1.96,,,,,,,,,,
Supp2,Fab 3,523,WC 2,Philip,1603111,90.8,0,,,,,,,,,,
Supp2,Fab 3,523,WC 3,Philip,1603222,93.3,1.81,,,,,,,,,,
Supp2,Fab 3,523,WC 1,Olga,1603222,93.1,2.19,,,,,,,,,,
Supp2,Fab 3,523,WC 1,Olga,1603222,104.9,2.06,,,,,,,,,,
Supp2,Fab 3,523,WC 1,Paul,1603111,101.6,0,,,,,,,,,,
Supp2,Fab 3,523,WC 3,Philip,1603111,93.7,0,,,,,,,,,,
Supp2,Fab 3,523,WC 2,Paul,1603222,99,1.17,,,,,,,,,,
Supp2,Fab 3,524,WC 2,Olga,1603111,99.3,1.16,,,,,,,,,,
Supp2,Fab 3,524,WC 2,Philip,1603222,100.9,2.14,,,,,,,,,,
Supp2,Fab 3,524,WC 2,Olga,1603111,95.6,3.85,,,,,,,,,,
Supp2,Fab 3,524,WC 3,Olga,1603222,105.5,1.85,,,,,,,,,,
Supp2,Fab 3,524,WC 3,Paul,1603222,125.4,2.19,,,,,,,,,,
Supp2,Fab 3,524,WC 3,Paul,1603111,109.6,0,,,,,,,,,,
Supp2,Fab 3,524,WC 1,Philip,1603222,89.2,2.2,,,,,,,,,,
Supp2,Fab 3,524,WC 1,Philip,1603222,80,1.87,,,,,,,,,,
Supp2,Fab 3,524,WC 3,Olga,1603111,108.8,0,,,,,,,,,,
Supp2,Fab 3,524,WC 3,Philip,1603222,90.7,1.28,,,,,,,,,,
Supp2,Fab 3,524,WC 3,Paul,1603222,103.5,2.52,,,,,,,,,,
Supp2,Fab 3,524,WC 3,Philip,1603111,95.3,2.83,,,,,,,,,,
Supp2,Fab 3,525,WC 3,Philip,1603222,110.7,2.46,,,,,,,,,,
Supp2,Fab 3,525,WC 1,Philip,1603222,98.3,2.49,,,,,,,,,,
Supp2,Fab 3,525,WC 1,Olga,1603222,110.3,2.72,,,,,,,,,,
Supp2,Fab 3,525,WC 3,Olga,1603111,111.1,5.26,,,,,,,,,,
Supp2,Fab 3,525,WC 1,Philip,1603222,108.2,1.95,,,,,,,,,,
Supp2,Fab 3,525,WC 2,Olga,1603111,85.3,2.4,,,,,,,,,,
Supp2,Fab 3,525,WC 3,Philip,1603222,86.4,2.38,,,,,,,,,,
Supp2,Fab 3,525,WC 2,Olga,1603222,90.8,2.69,,,,,,,,,,
Supp2,Fab 3,525,WC 1,Philip,1603222,120.9,1.61,,,,,,,,,,
Supp2,Fab 3,525,WC 3,Philip,1603222,98.9,1.57,,,,,,,,,,
Supp2,Fab 3,525,WC 2,Olga,1603222,112.5,2.02,,,,,,,,,,
Supp2,Fab 3,525,WC 3,Olga,1603111,93.8,2.25,,,,,,,,,,
Supp2,Fab 3,525,WC 2,Paul,1603222,109.7,2.05,,,,,,,,,,
Supp2,Fab 3,525,WC 2,Walt,1603222,87.6,2.74,,,,,,,,,,
Supp2,Fab 3,525,WC 2,Philip,1603222,113.3,2.43,,,,,,,,,,
Supp2,Fab 3,525,WC 1,Philip,1603111,90.1,1.71,,,,,,,,,,
Supp2,Fab 3,525,WC 3,Philip,1603222,101.2,2.03,,,,,,,,,,
Supp2,Fab 3,526,WC 2,Olga,1603222,87.3,2.47,,,,,,,,,,
Supp2,Fab 3,526,WC 3,Olga,1603222,105.8,1.75,,,,,,,,,,
Supp2,Fab 3,526,WC 2,Philip,1603222,110,2.92,,,,,,,,,,
Supp2,Fab 3,526,WC 1,Olga,1603222,90.8,2.11,,,,,,,,,,
Supp2,Fab 3,526,WC 1,Philip,1603222,108.6,1.86,,,,,,,,,,
Supp2,Fab 3,526,WC 2,Paul,1603333,99.7,0,,,,,,,,,,
Supp2,Fab 3,526,WC 2,Philip,1603222,99.7,1.76,,,,,,,,,,
Supp2,Fab 3,526,WC 1,Paul,1603222,122.8,2.71,,,,,,,,,,
Supp2,Fab 3,526,WC 1,Philip,1603222,84.7,2.17,,,,,,,,,,
Supp2,Fab 3,526,WC 2,Philip,1603222,95,2.29,,,,,,,,,,
Supp2,Fab 3,526,WC 2,Philip,1603111,97.6,2.28,,,,,,,,,,
Supp2,Fab 3,526,WC 2,Paul,1603222,114.7,2.56,,,,,,,,,,
Supp2,Fab 3,526,WC 1,Olga,1603222,104.6,3.18,,,,,,,,,,
Supp2,Fab 3,526,WC 3,Philip,1603111,86.1,25,,,,,,,,,,
Supp2,Fab 3,526,WC 3,Paul,1603111,87.5,12.5,,,,,,,,,,
Supp2,Fab 3,526,WC 2,Olga,1603222,106.8,1.78,,,,,,,,,,
Supp2,Fab 3,526,WC 2,Philip,1603111,88.1,2.16,,,,,,,,,,
Supp2,Fab 3,526,WC 3,Philip,1603111,94.6,3.03,,,,,,,,,,
Supp2,Fab 3,526,WC 1,Paul,1603222,98.8,1.55,,,,,,,,,,
Supp2,Fab 3,526,WC 3,Olga,1603222,103.7,2.2,,,,,,,,,,
Supp2,Fab 3,527,WC 1,Paul,1603111,106.7,0,,,,,,,,,,
Supp2,Fab 3,527,WC 3,Philip,1603222,100.8,1.83,,,,,,,,,,
Supp2,Fab 3,527,WC 1,Philip,1603222,112.5,2.18,,,,,,,,,,
Supp2,Fab 3,527,WC 1,Philip,1603222,86.4,2.09,,,,,,,,,,
Supp2,Fab 3,527,WC 3,Olga,1603222,104.5,5.71,,,,,,,,,,
Supp2,Fab 3,527,WC 1,Paul,1603222,90.7,2.11,,,,,,,,,,
Supp2,Fab 3,527,WC 2,Olga,1603222,87.5,0.51,,,,,,,,,,
Supp2,Fab 3,528,WC 2,Philip,1603222,93.7,2.41,,,,,,,,,,
Supp2,Fab 3,528,WC 3,Paul,1603333,94,0,,,,,,,,,,
Supp2,Fab 3,528,WC 2,Paul,1603222,99.9,2.33,,,,,,,,,,
Supp2,Fab 3,528,WC 3,Philip,1603222,102.4,0,,,,,,,,,,
Supp2,Fab 3,528,WC 2,Walt,1603222,66.7,1.93,,,,,,,,,,
Supp2,Fab 3,528,WC 2,Walt,1603222,110.2,7.14,,,,,,,,,,
Supp2,Fab 3,528,WC 1,Olga,1603111,116.2,1.88,,,,,,,,,,
Supp2,Fab 3,528,WC 1,Olga,1603222,107.5,1.74,,,,,,,,,,
Supp2,Fab 3,529,WC 1,Olga,1603111,104.7,1.92,,,,,,,,,,
Supp2,Fab 3,529,WC 2,Paul,1603111,115.4,1.49,,,,,,,,,,
Supp2,Fab 3,529,WC 3,Philip,1603111,91.5,2.09,,,,,,,,,,
Supp2,Fab 3,529,WC 2,Philip,1603111,102.6,1.8,,,,,,,,,,
Supp2,Fab 3,529,WC 3,Olga,1603222,108,1,,,,,,,,,,
Supp2,Fab 3,529,WC 1,Walt,1603222,95.5,1.96,,,,,,,,,,
Supp2,Fab 3,530,WC 3,Philip,1603222,119.8,1.98,,,,,,,,,,
Supp2,Fab 3,530,WC 2,Walt,1603222,99.2,2.45,,,,,,,,,,
Supp2,Fab 3,530,WC 1,Walt,1603222,102.9,0,,,,,,,,,,
Supp2,Fab 3,530,WC 2,Olga,1603222,98.5,2.27,,,,,,,,,,
Supp2,Fab 3,530,WC 3,Paul,1603222,93.5,2.11,,,,,,,,,,
Supp2,Fab 3,530,WC 2,Paul,1603222,102.7,1.79,,,,,,,,,,
Supp2,Fab 3,530,WC 2,Paul,1603222,105,2.14,,,,,,,,,,
Supp2,Fab 3,530,WC 3,Olga,1603222,100,2.3,,,,,,,,,,
Supp2,Fab 2,513,WC 3,Walt,1603222,108.2,2.7,,,,,,,,,,
Supp2,Fab 2,515,WC 1,Olga,1603111,120.2,2.2,,,,,,,,,,
Supp2,Fab 2,517,WC 3,Olga,1603222,112,1.54,,,,,,,,,,
Supp2,Fab 2,520,WC 3,Olga,1603222,99.9,2.27,,,,,,,,,,
Supp2,Fab 2,520,WC 2,Philip,1603111,99.4,2.33,,,,,,,,,,
Supp2,Fab 2,522,WC 3,Paul,1603111,100.2,0,,,,,,,,,,
Supp2,Fab 2,524,WC 1,Olga,1603222,123.9,2.07,,,,,,,,,,
Supp2,Fab 2,528,WC 1,Paul,1603111,91.5,0.51,,,,,,,,,,
Supp2,Fab 2,528,WC 1,Olga,1603222,106.4,1.84,,,,,,,,,,
Supp2,Fab 2,528,WC 2,Walt,1603222,101.6,1.32,,,,,,,,,,
Supp2,Fab 2,528,WC 2,Philip,1603222,90.2,2.78,,,,,,,,,,
Supp2,Fab 2,528,WC 2,Olga,1603222,90.6,0.8,,,,,,,,,,
Supp2,Fab 2,528,WC 2,Philip,1603222,113.1,2.18,,,,,,,,,,
Supp2,Fab 2,528,WC 3,Walt,1603111,102.4,1.46,,,,,,,,,,
Supp2,Fab 2,528,WC 1,Olga,1603222,104.2,1.94,,,,,,,,,,
Supp2,Fab 2,528,WC 3,Walt,1603222,97.4,0,,,,,,,,,,
Supp2,Fab 2,529,WC 1,Paul,1603111,103.2,2.5,,,,,,,,,,
Supp2,Fab 2,529,WC 1,Walt,1603222,106.8,2.17,,,,,,,,,,
Supp2,Fab 2,529,WC 2,Philip,1603222,104.8,2.06,,,,,,,,,,
Supp2,Fab 2,529,WC 2,Philip,1603222,97.3,1.78,,,,,,,,,,
Supp2,Fab 2,529,WC 2,Olga,1603222,109.4,1.99,,,,,,,,,,
Supp2,Fab 2,529,WC 2,Philip,1603222,88.9,2.07,,,,,,,,,,
Supp2,Fab 2,529,WC 2,Olga,1603222,103.4,2.03,,,,,,,,,,
Supp2,Fab 2,529,WC 1,Paul,1603222,108.3,2.45,,,,,,,,,,
Supp2,Fab 2,529,WC 3,Olga,1603222,85.8,1.94,,,,,,,,,,
Supp2,Fab 2,529,WC 3,Olga,1603222,107.6,1.23,,,,,,,,,,
Supp2,Fab 2,530,WC 1,Olga,1603222,114.7,2.3,,,,,,,,,,
Supp2,Fab 2,530,WC 2,Olga,1603222,114.4,1.24,,,,,,,,,,
Supp2,Fab 2,530,WC 2,Olga,1603222,110.3,2.54,,,,,,,,,,
Supp2,Fab 2,530,WC 2,Philip,1603222,100.2,1.36,,,,,,,,,,
Supp2,Fab 2,530,WC 3,Olga,1603222,108.1,2.21,,,,,,,,,,
Supp2,Fab 2,531,WC 1,Paul,1603222,103.5,2.09,,,,,,,,,,
Supp2,Fab 2,531,WC 2,Olga,1603222,97.3,1.69,,,,,,,,,,
Supp2,Fab 2,531,WC 2,Philip,1603222,106,2.16,,,,,,,,,,
Supp2,Fab 2,531,WC 3,Paul,1603222,84.3,1.42,,,,,,,,,,
Supp2,Fab 2,531,WC 3,Philip,1603222,106.4,1.99,,,,,,,,,,
Supp2,Fab 2,531,WC 1,Walt,1603222,96.4,1.25,,,,,,,,,,
Supp2,Fab 2,531,WC 1,Olga,1603222,86.2,2.21,,,,,,,,,,
Supp2,Fab 2,531,WC 3,Olga,1603222,109.5,1.6,,,,,,,,,,
Supp2,Fab 2,531,WC 2,Philip,1603222,91.8,2.17,,,,,,,,,,
Supp2,Fab 2,531,WC 3,Philip,1603222,93.9,1.67,,,,,,,,,,
Supp2,Fab 2,531,WC 1,Olga,1603222,104.8,2.81,,,,,,,,,,
Supp2,Fab 2,531,WC 1,Walt,1603222,89.7,2.09,,,,,,,,,,
Supp2,Fab 2,531,WC 1,Paul,1603222,99.6,1.88,,,,,,,,,,
Supp2,Fab 2,531,WC 3,Philip,1603222,89.7,1.72,,,,,,,,,,
Supp2,Fab 2,531,WC 1,Olga,1603222,98.2,1.77,,,,,,,,,,
Supp2,Fab 2,531,WC 1,Paul,1603111,102,2.43,,,,,,,,,,
Supp2,Fab 2,531,WC 2,Olga,1603111,89.2,2.3,,,,,,,,,,
Supp2,Fab 2,531,WC 2,Olga,1603222,128.5,2.31,,,,,,,,,,
Supp2,Fab 2,531,WC 3,Paul,1603222,77.3,2,,,,,,,,,,
Supp2,Fab 2,531,WC 3,Philip,1603222,119.9,0,,,,,,,,,,
Supp2,Fab 2,532,WC 2,Paul,1603222,99.8,2.12,,,,,,,,,,
Supp2,Fab 2,532,WC 3,Olga,1603222,92.1,2.78,,,,,,,,,,
Supp2,Fab 2,532,WC 2,Walt,1603222,93.8,2.28,,,,,,,,,,
Supp2,Fab 2,532,WC 2,Olga,1603222,102.4,2.5,,,,,,,,,,
Supp2,Fab 2,532,WC 3,Walt,1603222,104.6,1.97,,,,,,,,,,
Supp2,Fab 2,532,WC 3,Paul,1603222,99.1,2.32,,,,,,,,,,
Supp2,Fab 2,532,WC 3,Paul,1603111,109,1.65,,,,,,,,,,
Supp2,Fab 2,532,WC 1,Olga,1603222,98.8,1.74,,,,,,,,,,
Supp2,Fab 2,532,WC 3,Paul,1603222,121,2.15,,,,,,,,,,
Supp2,Fab 2,532,WC 3,Walt,1603222,94.2,1.76,,,,,,,,,,
Supp2,Fab 2,532,WC 3,Paul,1603222,115.1,1.73,,,,,,,,,,
Supp2,Fab 2,532,WC 2,Walt,1603222,106.4,1.88,,,,,,,,,,
Supp2,Fab 2,532,WC 3,Olga,1603222,103.3,2.14,,,,,,,,,,
Supp2,Fab 2,533,WC 3,Philip,1603111,96.6,1.69,,,,,,,,,,
Supp2,Fab 2,533,WC 1,Olga,1603222,105.9,2.11,,,,,,,,,,
Supp2,Fab 2,533,WC 2,Paul,1603222,103.5,2.66,,,,,,,,,,
Supp2,Fab 2,533,WC 3,Paul,1603222,105.5,2.61,,,,,,,,,,
Supp2,Fab 2,533,WC 1,Paul,1603222,111.1,1.93,,,,,,,,,,
Supp2,Fab 2,533,WC 1,Walt,1603111,105.4,1.61,,,,,,,,,,
Supp2,Fab 2,533,WC 1,Philip,1603222,98.2,1.83,,,,,,,,,,
Supp2,Fab 2,533,WC 3,Paul,1603222,107.4,2.33,,,,,,,,,,
Supp2,Fab 2,534,WC 2,Paul,1603111,98.8,1.85,,,,,,,,,,
Supp2,Fab 2,534,WC 1,Olga,1603111,127.7,3.08,,,,,,,,,,
Supp2,Fab 2,534,WC 3,Walt,1603111,89.9,2.35,,,,,,,,,,
Supp2,Fab 2,534,WC 3,Olga,1603111,99,4.29,,,,,,,,,,
Supp2,Fab 2,534,WC 1,Walt,1603111,111.9,1.68,,,,,,,,,,
Supp2,Fab 2,534,WC 1,Olga,1603111,88.3,2.02,,,,,,,,,,
Supp2,Fab 2,534,WC 2,Philip,1603111,111,2.38,,,,,,,,,,
Supp2,Fab 2,535,WC 2,Paul,1603222,96.4,1.91,,,,,,,,,,
Supp2,Fab 1,508,WC 2,Olga,1603111,100.5,0.96,,,,,,,,,,
Supp2,Fab 1,509,WC 1,Walt,1603333,117.2,0,,,,,,,,,,
Supp2,Fab 1,512,WC 2,Olga,1603222,83.9,0,,,,,,,,,,
Supp2,Fab 1,512,WC 2,Olga,1603222,111.9,13.95,,,,,,,,,,
Supp2,Fab 1,514,WC 2,Walt,1603222,103.5,2.56,,,,,,,,,,
Supp2,Fab 1,514,WC 2,Paul,1603222,109,2.33,,,,,,,,,,
Supp2,Fab 1,515,WC 3,Philip,1603111,108.1,5.81,,,,,,,,,,
Supp2,Fab 1,515,WC 2,Philip,1603222,83,2.51,,,,,,,,,,
Supp2,Fab 1,515,WC 1,Olga,1603111,94.3,2.13,,,,,,,,,,
Supp2,Fab 1,515,WC 1,Olga,1603222,106.8,2.48,,,,,,,,,,
Supp2,Fab 1,516,WC 3,Philip,1603111,101.3,2.27,,,,,,,,,,
Supp2,Fab 1,516,WC 3,Walt,1603111,110.1,0.72,,,,,,,,,,
Supp2,Fab 1,516,WC 2,Philip,1603111,96.3,0,,,,,,,,,,
Supp2,Fab 1,516,WC 3,Walt,1603111,106.5,1.79,,,,,,,,,,
Supp2,Fab 1,516,WC 1,Philip,1603222,96.3,1.57,,,,,,,,,,
Supp2,Fab 1,517,WC 3,Paul,1603111,126.5,0,,,,,,,,,,
Supp2,Fab 1,517,WC 3,Philip,1603222,105.4,1.52,,,,,,,,,,
Supp2,Fab 1,517,WC 3,Philip,1603111,107,1.12,,,,,,,,,,
Supp2,Fab 1,517,WC 3,Philip,1603222,101.6,1.39,,,,,,,,,,
Supp2,Fab 1,517,WC 2,Paul,1603111,95.3,0,,,,,,,,,,
Supp2,Fab 1,517,WC 3,Paul,1603111,99.2,2.62,,,,,,,,,,
Supp2,Fab 1,518,WC 2,Philip,1603222,109.3,2.18,,,,,,,,,,
Supp2,Fab 1,518,WC 3,Paul,1603111,106.2,0,,,,,,,,,,
Supp2,Fab 1,518,WC 1,Philip,1603111,101.1,3.26,,,,,,,,,,
Supp2,Fab 1,519,WC 2,Philip,1603111,78.8,0,,,,,,,,,,
Supp2,Fab 1,519,WC 3,Philip,1603111,103.3,4.76,,,,,,,,,,
Supp2,Fab 1,519,WC 2,Walt,1603111,91,4.05,,,,,,,,,,
Supp2,Fab 1,519,WC 3,Philip,1603111,110.3,0,,,,,,,,,,
Supp2,Fab 1,519,WC 2,Philip,1603111,106,0,,,,,,,,,,
Supp2,Fab 1,519,WC 3,Philip,1603222,102.4,0,,,,,,,,,,
Supp2,Fab 1,519,WC 2,Olga,1603111,84.4,2.25,,,,,,,,,,
Supp2,Fab 1,519,WC 3,Walt,1603222,93.9,0,,,,,,,,,,
Supp2,Fab 1,519,WC 1,Olga,1603111,103.8,0,,,,,,,,,,
Supp2,Fab 1,520,WC 2,Olga,1603222,111.5,0,,,,,,,,,,
Supp2,Fab 1,520,WC 1,Olga,1603222,106.3,2.85,,,,,,,,,,
Supp2,Fab 1,521,WC 3,Walt,1603222,108.1,0,,,,,,,,,,
Supp2,Fab 1,521,WC 3,Olga,1603111,100.5,0,,,,,,,,,,
Supp2,Fab 1,521,WC 1,Philip,1603111,111,0,,,,,,,,,,
Supp2,Fab 1,521,WC 3,Paul,1603222,98.5,2.94,,,,,,,,,,
Supp2,Fab 1,521,WC 1,Philip,1603111,97.7,0.61,,,,,,,,,,
Supp2,Fab 1,521,WC 3,Walt,1603222,89.7,0,,,,,,,,,,
Supp2,Fab 1,521,WC 3,Olga,1603111,102.3,0,,,,,,,,,,
Supp2,Fab 1,521,WC 3,Paul,1603222,91.3,1.03,,,,,,,,,,
Supp2,Fab 1,522,WC 3,Philip,1603111,108.6,0.85,,,,,,,,,,
Supp2,Fab 1,522,WC 1,Paul,1603222,108.3,2.25,,,,,,,,,,
Supp2,Fab 1,522,WC 1,Paul,1603222,92.9,0,,,,,,,,,,
Supp2,Fab 1,522,WC 1,Paul,1603222,103.1,2.3,,,,,,,,,,
Supp2,Fab 1,522,WC 2,Paul,1603222,79,1.14,,,,,,,,,,
Supp2,Fab 1,522,WC 2,Walt,1603222,99.2,1.7,,,,,,,,,,
Supp2,Fab 1,522,WC 1,Olga,1603111,87.3,0,,,,,,,,,,
Supp2,Fab 1,522,WC 2,Walt,1603222,110.3,7.14,,,,,,,,,,
Supp2,Fab 1,522,WC 2,Paul,1603333,83.7,0,,,,,,,,,,
Supp2,Fab 1,522,WC 3,Philip,1603222,82.8,0,,,,,,,,,,
Supp2,Fab 1,522,WC 2,Philip,1603222,94.4,2.15,,,,,,,,,,
Supp2,Fab 1,522,WC 3,Paul,1603222,84.3,2.47,,,,,,,,,,
Supp2,Fab 1,523,WC 3,Philip,1603111,74.3,0,,,,,,,,,,
Supp2,Fab 1,523,WC 2,Walt,1603222,94.1,5.56,,,,,,,,,,
Supp2,Fab 1,523,WC 3,Philip,1603111,93,0,,,,,,,,,,
Supp2,Fab 1,523,WC 2,Philip,1603333,81.9,0,,,,,,,,,,
Supp2,Fab 1,523,WC 3,Olga,1603222,91.1,0,,,,,,,,,,
Supp2,Fab 1,523,WC 3,Philip,1603111,93.6,0,,,,,,,,,,
Supp2,Fab 1,523,WC 3,Walt,1603111,102.3,0,,,,,,,,,,
Supp2,Fab 1,523,WC 2,Philip,1603222,102.7,2.38,,,,,,,,,,
Supp2,Fab 1,523,WC 3,Olga,1603111,85.7,2.06,,,,,,,,,,
Supp2,Fab 1,523,WC 2,Philip,1603222,120,2.31,,,,,,,,,,
Supp2,Fab 1,523,WC 3,Olga,1603111,88.5,1.92,,,,,,,,,,
Supp2,Fab 1,523,WC 3,Philip,1603222,100.7,1.73,,,,,,,,,,
Supp2,Fab 1,523,WC 2,Olga,1603222,117.9,1.15,,,,,,,,,,
Supp2,Fab 1,523,WC 1,Walt,1603111,100.5,2.04,,,,,,,,,,
Supp2,Fab 1,523,WC 2,Olga,1603111,87.1,6.06,,,,,,,,,,
Supp2,Fab 1,523,WC 3,Paul,1603222,101.9,1.81,,,,,,,,,,
Supp2,Fab 1,523,WC 2,Philip,1603111,104.7,5.26,,,,,,,,,,
Supp2,Fab 1,523,WC 1,Olga,1603222,83.1,1.99,,,,,,,,,,
Supp2,Fab 1,524,WC 2,Philip,1603222,107.7,0,,,,,,,,,,
Supp2,Fab 1,524,WC 1,Walt,1603222,107.2,5.26,,,,,,,,,,
Supp2,Fab 1,524,WC 2,Philip,1603222,112.4,1.95,,,,,,,,,,
Supp2,Fab 1,524,WC 3,Paul,1603222,106.7,1.32,,,,,,,,,,
Supp2,Fab 1,524,WC 3,Philip,1603222,97.8,2.33,,,,,,,,,,
Supp2,Fab 1,524,WC 1,Paul,1603222,95.7,2.68,,,,,,,,,,
Supp2,Fab 1,524,WC 3,Philip,1603222,128.8,2.84,,,,,,,,,,
Supp2,Fab 1,524,WC 1,Olga,1603222,103.9,2.27,,,,,,,,,,
Supp2,Fab 1,524,WC 3,Paul,1603222,99.1,0,,,,,,,,,,
Supp2,Fab 1,524,WC 2,Philip,1603222,89.8,1.88,,,,,,,,,,
Supp2,Fab 1,524,WC 1,Philip,1603222,97.5,2.63,,,,,,,,,,
Supp2,Fab 1,524,WC 3,Walt,1603222,111.4,3.17,,,,,,,,,,
Supp2,Fab 1,524,WC 1,Olga,1603222,109.3,2.17,,,,,,,,,,
Supp2,Fab 1,524,WC 3,Walt,1603222,115.5,1.72,,,,,,,,,,
Supp2,Fab 1,524,WC 2,Paul,1603222,87.7,1.42,,,,,,,,,,
Supp2,Fab 1,524,WC 1,Olga,1603222,120.4,4.55,,,,,,,,,,
Supp2,Fab 1,524,WC 3,Philip,1603222,90.8,1.71,,,,,,,,,,
Supp2,Fab 1,524,WC 1,Walt,1603222,105.6,2.51,,,,,,,,,,
Supp2,Fab 1,524,WC 2,Philip,1603111,100.9,1.51,,,,,,,,,,
Supp2,Fab 1,524,WC 2,Walt,1603222,106.2,2.09,,,,,,,,,,
Supp2,Fab 1,524,WC 3,Philip,1603222,104.9,2.94,,,,,,,,,,
Supp2,Fab 1,524,WC 1,Olga,1603222,90,1.94,,,,,,,,,,
Supp2,Fab 1,524,WC 3,Philip,1603222,113,2.35,,,,,,,,,,
Supp2,Fab 1,524,WC 2,Olga,1603222,102.9,1.85,,,,,,,,,,
Supp2,Fab 1,524,WC 2,Walt,1603111,104.8,1.6,,,,,,,,,,
Supp2,Fab 1,524,WC 2,Paul,1603222,86.9,1.86,,,,,,,,,,
Supp2,Fab 1,524,WC 3,Philip,1603222,99.7,2.33,,,,,,,,,,
Supp2,Fab 1,525,WC 2,Philip,1603222,101,0,,,,,,,,,,
Supp2,Fab 1,525,WC 2,Olga,1603222,83.8,1.75,,,,,,,,,,
Supp2,Fab 1,525,WC 1,Philip,1603222,90.8,2.37,,,,,,,,,,
Supp2,Fab 1,526,WC 1,Walt,1603111,101.8,1.8,,,,,,,,,,
Supp2,Fab 1,526,WC 3,Philip,1603222,85.8,1.55,,,,,,,,,,
Supp2,Fab 1,526,WC 1,Walt,1603111,99.6,0,,,,,,,,,,
Supp2,Fab 1,526,WC 2,Philip,1603222,93.5,1.81,,,,,,,,,,
Supp2,Fab 1,527,WC 1,Olga,1603222,110.1,1.2,,,,,,,,,,
Supp2,Fab 1,527,WC 1,Olga,1603111,103.2,2.3,,,,,,,,,,
Supp2,Fab 1,527,WC 1,Olga,1603222,98.1,2.38,,,,,,,,,,
Supp2,Fab 1,528,WC 2,Olga,1603222,82.3,1.33,,,,,,,,,,
Supp2,Fab 1,528,WC 2,Olga,1603222,104.7,2.3,,,,,,,,,,
Supp2,Fab 1,528,WC 2,Philip,1603111,118,1.76,,,,,,,,,,
Supp2,Fab 1,528,WC 1,Philip,1603111,93.1,2.64,,,,,,,,,,
Supp2,Fab 1,528,WC 1,Paul,1603222,98.6,1.63,,,,,,,,,,
Supp2,Fab 1,529,WC 3,Philip,1603222,106.6,1.49,,,,,,,,,,
Supp2,Fab 1,529,WC 3,Paul,1603222,100.3,1.79,,,,,,,,,,
Supp2,Fab 1,529,WC 2,Olga,1603222,122,3,,,,,,,,,,
Supp2,Fab 1,529,WC 2,Olga,1603222,87.5,0,,,,,,,,,,
Supp2,Fab 1,529,WC 3,Paul,1603222,109,1.89,,,,,,,,,,
Supp2,Fab 1,529,WC 2,Philip,1603222,98.2,2.37,,,,,,,,,,
Supp2,Fab 1,529,WC 1,Philip,1603222,81.9,2.97,,,,,,,,,,
Supp2,Fab 1,529,WC 2,Philip,1603222,107.8,0,,,,,,,,,,
Supp2,Fab 1,529,WC 1,Philip,1603222,100,3.57,,,,,,,,,,
Supp2,Fab 1,529,WC 3,Paul,1603222,78.3,2.56,,,,,,,,,,
Supp2,Fab 1,529,WC 2,Philip,1603222,90.5,1.46,,,,,,,,,,
Supp2,Fab 1,529,WC 2,Philip,1603222,109.6,3.51,,,,,,,,,,
Supp2,Fab 1,529,WC 3,Walt,1603111,105.1,0,,,,,,,,,,
Supp2,Fab 1,529,WC 1,Philip,1603222,102.5,2.28,,,,,,,,,,
Supp2,Fab 1,529,WC 3,Olga,1603222,95.7,2.19,,,,,,,,,,
Supp2,Fab 1,529,WC 1,Olga,1603222,110.6,2,,,,,,,,,,
Supp2,Fab 1,529,WC 3,Philip,1603222,99.3,0,,,,,,,,,,
Supp2,Fab 1,529,WC 3,Paul,1603222,91.1,1.97,,,,,,,,,,
Supp2,Fab 1,529,WC 3,Olga,1603111,96.8,1.56,,,,,,,,,,
Supp2,Fab 1,530,WC 1,Philip,1603222,106.4,1.82,,,,,,,,,,
Supp2,Fab 1,530,WC 1,Philip,1603222,104.2,2.7,,,,,,,,,,
Supp2,Fab 1,530,WC 1,Paul,1603222,107.9,1.82,,,,,,,,,,
Supp2,Fab 1,530,WC 3,Olga,1603222,84.9,1.83,,,,,,,,,,
Supp2,Fab 1,530,WC 2,Paul,1603111,91.3,1.02,,,,,,,,,,
Supp2,Fab 1,533,WC 2,Walt,1603222,115.3,2.12,,,,,,,,,,
Supp1,Fab 3,510,WC 2,Paul,1603222,99.6,2.48,,,,,,,,,,
Supp1,Fab 3,510,WC 2,Philip,1603111,105.3,2.02,,,,,,,,,,
Supp1,Fab 3,511,WC 3,Paul,1603222,110.2,2.27,,,,,,,,,,
Supp1,Fab 3,512,WC 2,Paul,1603222,101.4,1.99,,,,,,,,,,
Supp1,Fab 3,513,WC 2,Olga,1603222,99.4,2.74,,,,,,,,,,
Supp1,Fab 3,513,WC 2,Philip,1603111,111.4,0,,,,,,,,,,
Supp1,Fab 3,514,WC 3,Paul,1603222,82.4,1.81,,,,,,,,,,
Supp1,Fab 3,514,WC 1,Paul,1603222,112.2,3.01,,,,,,,,,,
Supp1,Fab 3,514,WC 2,Paul,1603222,97.3,0,,,,,,,,,,
Supp1,Fab 3,514,WC 3,Philip,1603222,90.8,0,,,,,,,,,,
Supp1,Fab 3,515,WC 2,Philip,1603111,98,0,,,,,,,,,,
Supp1,Fab 3,515,WC 1,Philip,1603222,102.2,2.28,,,,,,,,,,
Supp1,Fab 3,515,WC 2,Paul,1603222,97.4,2.75,,,,,,,,,,
Supp1,Fab 3,516,WC 1,Paul,1603222,103.4,2.54,,,,,,,,,,
Supp1,Fab 3,516,WC 2,Philip,1603222,86.9,2.41,,,,,,,,,,
Supp1,Fab 3,516,WC 3,Philip,1603111,95,2.34,,,,,,,,,,
Supp1,Fab 3,516,WC 2,Paul,1603222,98.2,2.27,,,,,,,,,,
Supp1,Fab 3,517,WC 3,Philip,1603222,85,1.32,,,,,,,,,,
Supp1,Fab 3,517,WC 1,Olga,1603222,88.1,7.14,,,,,,,,,,
Supp1,Fab 3,517,WC 3,Paul,1603222,98.4,0,,,,,,,,,,
Supp1,Fab 3,517,WC 3,Philip,1603111,101.2,7.14,,,,,,,,,,
Supp1,Fab 3,517,WC 1,Philip,1603111,80.5,2.06,,,,,,,,,,
Supp1,Fab 3,517,WC 1,Olga,1603111,98.1,0,,,,,,,,,,
Supp1,Fab 3,517,WC 2,Walt,1603222,94.1,1.73,,,,,,,,,,
Supp1,Fab 3,517,WC 3,Philip,1603222,99.2,1.86,,,,,,,,,,
Supp1,Fab 3,518,WC 3,Olga,1603222,107.3,1.45,,,,,,,,,,
Supp1,Fab 3,518,WC 2,Philip,1603222,121.8,2.19,,,,,,,,,,
Supp1,Fab 3,518,WC 2,Philip,1603222,94.4,0,,,,,,,,,,
Supp1,Fab 3,518,WC 1,Paul,1603111,97.6,1.54,,,,,,,,,,
Supp1,Fab 3,518,WC 2,Olga,1603222,99.6,1.63,,,,,,,,,,
Supp1,Fab 3,518,WC 1,Paul,1603222,96.8,0.81,,,,,,,,,,
Supp1,Fab 3,518,WC 1,Paul,1603222,98.2,2.1,,,,,,,,,,
Supp1,Fab 3,518,WC 2,Paul,1603111,109.3,0,,,,,,,,,,
Supp1,Fab 3,518,WC 3,Walt,1603222,98.8,2.17,,,,,,,,,,
Supp1,Fab 3,518,WC 2,Paul,1603222,137.7,2.36,,,,,,,,,,
Supp1,Fab 3,518,WC 3,Olga,1603111,97,1.85,,,,,,,,,,
Supp1,Fab 3,518,WC 3,Paul,1603222,103.4,1.83,,,,,,,,,,
Supp1,Fab 3,518,WC 2,Olga,1603222,102.4,2.33,,,,,,,,,,
Supp1,Fab 3,518,WC 1,Paul,1603222,99.6,1.86,,,,,,,,,,
Supp1,Fab 3,519,WC 2,Olga,1603222,109.5,2.89,,,,,,,,,,
Supp1,Fab 3,519,WC 2,Philip,1603222,109.9,2.97,,,,,,,,,,
Supp1,Fab 3,519,WC 2,Olga,1603111,95.2,4.88,,,,,,,,,,
Supp1,Fab 3,519,WC 2,Philip,1603111,116.3,0,,,,,,,,,,
Supp1,Fab 3,519,WC 1,Paul,1603333,96.3,6.9,,,,,,,,,,
Supp1,Fab 3,519,WC 2,Paul,1603111,110.1,1.49,,,,,,,,,,
Supp1,Fab 3,519,WC 2,Olga,1603222,94.7,1.65,,,,,,,,,,
Supp1,Fab 3,519,WC 3,Paul,1603222,101.9,1.44,,,,,,,,,,
Supp1,Fab 3,519,WC 3,Philip,1603111,106.7,2.99,,,,,,,,,,
Supp1,Fab 3,519,WC 2,Olga,1603111,92.6,1.94,,,,,,,,,,
Supp1,Fab 3,519,WC 3,Paul,1603222,107.1,2.56,,,,,,,,,,
Supp1,Fab 3,519,WC 2,Walt,1603111,95.8,0,,,,,,,,,,
Supp1,Fab 3,519,WC 2,Philip,1603222,92.9,1.49,,,,,,,,,,
Supp1,Fab 3,519,WC 3,Olga,1603222,109.3,1.87,,,,,,,,,,
Supp1,Fab 3,519,WC 2,Philip,1603111,94.3,2.6,,,,,,,,,,
Supp1,Fab 3,519,WC 2,Olga,1603222,103.2,1.34,,,,,,,,,,
Supp1,Fab 3,519,WC 1,Philip,1603222,96.5,2.46,,,,,,,,,,
Supp1,Fab 3,519,WC 1,Walt,1603333,118.4,0,,,,,,,,,,
Supp1,Fab 3,519,WC 1,Philip,1603111,93.3,7.41,,,,,,,,,,
Supp1,Fab 3,519,WC 2,Philip,1603222,112.8,1.65,,,,,,,,,,
Supp1,Fab 3,520,WC 2,Paul,1603222,88.6,2.62,,,,,,,,,,
Supp1,Fab 3,520,WC 1,Philip,1603222,99.3,1.75,,,,,,,,,,
Supp1,Fab 3,520,WC 2,Philip,1603222,116.2,2.43,,,,,,,,,,
Supp1,Fab 3,520,WC 2,Paul,1603222,88.5,1.83,,,,,,,,,,
Supp1,Fab 3,520,WC 3,Philip,1603222,115.4,2.22,,,,,,,,,,
Supp1,Fab 3,520,WC 3,Philip,1603222,101.8,3.66,,,,,,,,,,
Supp1,Fab 3,520,WC 1,Olga,1603222,107.7,3.52,,,,,,,,,,
Supp1,Fab 3,520,WC 2,Olga,1603222,96.1,1.43,,,,,,,,,,
Supp1,Fab 3,520,WC 3,Olga,1603222,88.7,2.86,,,,,,,,,,
Supp1,Fab 3,520,WC 1,Philip,1603222,96.8,2.26,,,,,,,,,,
Supp1,Fab 3,520,WC 2,Paul,1603222,99,1.12,,,,,,,,,,
Supp1,Fab 3,520,WC 2,Philip,1603111,78.6,0,,,,,,,,,,
Supp1,Fab 3,520,WC 3,Philip,1603222,90.1,2.48,,,,,,,,,,
Supp1,Fab 3,520,WC 1,Olga,1603111,96.3,3.7,,,,,,,,,,
Supp1,Fab 3,520,WC 3,Olga,1603222,84.3,2.84,,,,,,,,,,
Supp1,Fab 3,520,WC 3,Paul,1603111,91.3,0,,,,,,,,,,
Supp1,Fab 3,520,WC 2,Olga,1603222,103.2,4.48,,,,,,,,,,
Supp1,Fab 3,520,WC 3,Paul,1603222,89.3,2.21,,,,,,,,,,
Supp1,Fab 3,520,WC 1,Olga,1603111,96.7,1.35,,,,,,,,,,
Supp1,Fab 3,521,WC 1,Philip,1603111,105.6,0,,,,,,,,,,
Supp1,Fab 3,521,WC 2,Philip,1603222,105.5,1.13,,,,,,,,,,
Supp1,Fab 3,521,WC 1,Walt,1603222,94.5,3.33,,,,,,,,,,
Supp1,Fab 3,521,WC 2,Olga,1603111,88.1,2.69,,,,,,,,,,
Supp1,Fab 3,521,WC 3,Philip,1603222,92.9,2.35,,,,,,,,,,
Supp1,Fab 3,521,WC 1,Walt,1603222,97.1,2.4,,,,,,,,,,
Supp1,Fab 3,521,WC 1,Paul,1603222,103,2.03,,,,,,,,,,
Supp1,Fab 3,521,WC 1,Olga,1603333,94.6,5.88,,,,,,,,,,
Supp1,Fab 3,521,WC 2,Walt,1603222,92.1,0.39,,,,,,,,,,
Supp1,Fab 3,521,WC 2,Olga,1603111,96,0,,,,,,,,,,
Supp1,Fab 3,521,WC 1,Walt,1603222,108.5,2.55,,,,,,,,,,
Supp1,Fab 3,521,WC 2,Paul,1603111,95.1,7.69,,,,,,,,,,
Supp1,Fab 3,521,WC 1,Walt,1603222,108.2,1.7,,,,,,,,,,
Supp1,Fab 3,521,WC 3,Philip,1603222,99.9,1.79,,,,,,,,,,
Supp1,Fab 3,521,WC 1,Paul,1603222,106.3,0,,,,,,,,,,
Supp1,Fab 3,521,WC 2,Philip,1603222,96.9,0,,,,,,,,,,
Supp1,Fab 3,521,WC 2,Paul,1603222,87.7,1.88,,,,,,,,,,
Supp1,Fab 3,521,WC 1,Philip,1603222,104.2,1.96,,,,,,,,,,
Supp1,Fab 3,521,WC 3,Paul,1603111,105.3,12.5,,,,,,,,,,
Supp1,Fab 3,521,WC 1,Paul,1603222,101.7,2.52,,,,,,,,,,
Supp1,Fab 3,521,WC 2,Philip,1603222,103.7,1.86,,,,,,,,,,
Supp1,Fab 3,521,WC 2,Walt,1603222,104.4,1.24,,,,,,,,,,
Supp1,Fab 3,521,WC 3,Olga,1603111,111.5,0,,,,,,,,,,
Supp1,Fab 3,521,WC 1,Philip,1603111,92.2,0,,,,,,,,,,
Supp1,Fab 3,522,WC 1,Paul,1603222,113.7,2.1,,,,,,,,,,
Supp1,Fab 3,522,WC 3,Olga,1603222,96.1,10,,,,,,,,,,
Supp1,Fab 3,522,WC 2,Philip,1603111,95.8,2.38,,,,,,,,,,
Supp1,Fab 3,522,WC 2,Olga,1603222,83.1,1.73,,,,,,,,,,
Supp1,Fab 3,522,WC 3,Philip,1603222,86.9,2.48,,,,,,,,,,
Supp1,Fab 3,522,WC 2,Olga,1603222,103,3.23,,,,,,,,,,
Supp1,Fab 3,522,WC 2,Walt,1603222,102.2,2.42,,,,,,,,,,
Supp1,Fab 3,522,WC 1,Philip,1603222,89.4,1.41,,,,,,,,,,
Supp1,Fab 3,522,WC 3,Olga,1603222,97.8,2.55,,,,,,,,,,
Supp1,Fab 3,522,WC 1,Olga,1603222,100,1.04,,,,,,,,,,
Supp1,Fab 3,522,WC 3,Philip,1603111,100,1.75,,,,,,,,,,
Supp1,Fab 3,522,WC 3,Paul,1603111,112.2,2.37,,,,,,,,,,
Supp1,Fab 3,522,WC 2,Philip,1603222,108.7,1.88,,,,,,,,,,
Supp1,Fab 3,522,WC 2,Olga,1603222,106.6,1.92,,,,,,,,,,
Supp1,Fab 3,523,WC 3,Walt,1603111,109.6,0,,,,,,,,,,
Supp1,Fab 3,523,WC 3,Paul,1603111,97,0,,,,,,,,,,
Supp1,Fab 3,523,WC 1,Walt,1603222,101.1,2.16,,,,,,,,,,
Supp1,Fab 3,523,WC 2,Philip,1603111,117.6,2.45,,,,,,,,,,
Supp1,Fab 3,523,WC 2,Paul,1603222,80,0,,,,,,,,,,
Supp1,Fab 3,523,WC 1,Walt,1603222,98.2,1.5,,,,,,,,,,
Supp1,Fab 3,523,WC 3,Olga,1603222,107.6,1.98,,,,,,,,,,
Supp1,Fab 3,523,WC 2,Olga,1603111,98.7,0,,,,,,,,,,
Supp1,Fab 3,523,WC 1,Paul,1603222,113.1,3.05,,,,,,,,,,
Supp1,Fab 3,523,WC 2,Paul,1603222,106.4,3.11,,,,,,,,,,
Supp1,Fab 3,523,WC 1,Olga,1603111,104.7,0,,,,,,,,,,
Supp1,Fab 3,523,WC 2,Paul,1603111,86.7,0,,,,,,,,,,
Supp1,Fab 3,523,WC 3,Philip,1603222,105.5,1.96,,,,,,,,,,
Supp1,Fab 3,523,WC 2,Philip,1603111,98.5,0,,,,,,,,,,
Supp1,Fab 3,523,WC 3,Philip,1603222,103.7,1.81,,,,,,,,,,
Supp1,Fab 3,523,WC 1,Olga,1603222,105.3,2.19,,,,,,,,,,
Supp1,Fab 3,523,WC 1,Olga,1603222,84.3,2.06,,,,,,,,,,
Supp1,Fab 3,523,WC 1,Paul,1603111,104.8,0,,,,,,,,,,
Supp1,Fab 3,523,WC 3,Philip,1603111,84.1,0,,,,,,,,,,
Supp1,Fab 3,523,WC 2,Paul,1603222,109.9,1.17,,,,,,,,,,
Supp1,Fab 3,524,WC 2,Olga,1603111,120.6,1.16,,,,,,,,,,
Supp1,Fab 3,524,WC 2,Philip,1603222,88.9,2.14,,,,,,,,,,
Supp1,Fab 3,524,WC 2,Olga,1603111,101.5,3.85,,,,,,,,,,
Supp1,Fab 3,524,WC 3,Olga,1603222,101.9,1.85,,,,,,,,,,
Supp1,Fab 3,524,WC 3,Paul,1603222,97.3,2.19,,,,,,,,,,
Supp1,Fab 3,524,WC 3,Paul,1603111,86.8,0,,,,,,,,,,
Supp1,Fab 3,524,WC 1,Philip,1603222,98.4,2.2,,,,,,,,,,
Supp1,Fab 3,524,WC 1,Philip,1603222,93.6,1.87,,,,,,,,,,
Supp1,Fab 3,524,WC 3,Olga,1603111,97.1,0,,,,,,,,,,
Supp1,Fab 3,524,WC 3,Philip,1603222,89.1,1.28,,,,,,,,,,
Supp1,Fab 3,524,WC 3,Paul,1603222,100.1,2.52,,,,,,,,,,
Supp1,Fab 3,524,WC 3,Philip,1603111,106.9,2.83,,,,,,,,,,
Supp1,Fab 3,525,WC 3,Philip,1603222,106.9,2.46,,,,,,,,,,
Supp1,Fab 3,525,WC 1,Philip,1603222,93.7,2.49,,,,,,,,,,
Supp1,Fab 3,525,WC 1,Olga,1603222,108.7,2.72,,,,,,,,,,
Supp1,Fab 3,525,WC 3,Olga,1603111,109.8,5.26,,,,,,,,,,
Supp1,Fab 3,525,WC 1,Philip,1603222,101.3,1.95,,,,,,,,,,
Supp1,Fab 3,525,WC 2,Olga,1603111,98.8,2.4,,,,,,,,,,
Supp1,Fab 3,525,WC 3,Philip,1603222,89.7,2.38,,,,,,,,,,
Supp1,Fab 3,525,WC 2,Olga,1603222,95.4,2.69,,,,,,,,,,
Supp1,Fab 3,525,WC 1,Philip,1603222,109,1.61,,,,,,,,,,
Supp1,Fab 3,525,WC 3,Philip,1603222,84.3,1.57,,,,,,,,,,
Supp1,Fab 3,525,WC 2,Olga,1603222,98.6,2.02,,,,,,,,,,
Supp1,Fab 3,525,WC 3,Olga,1603111,88.5,2.25,,,,,,,,,,
Supp1,Fab 3,525,WC 2,Paul,1603222,102.9,2.05,,,,,,,,,,
Supp1,Fab 3,525,WC 2,Walt,1603222,113.8,2.74,,,,,,,,,,
Supp1,Fab 3,525,WC 2,Philip,1603222,101.2,2.43,,,,,,,,,,
Supp1,Fab 3,525,WC 1,Philip,1603111,98.2,1.71,,,,,,,,,,
Supp1,Fab 3,525,WC 3,Philip,1603222,85.2,2.03,,,,,,,,,,
Supp1,Fab 3,526,WC 2,Olga,1603222,91.3,2.47,,,,,,,,,,
Supp1,Fab 3,526,WC 3,Olga,1603222,100.5,1.75,,,,,,,,,,
Supp1,Fab 3,526,WC 2,Philip,1603222,105.1,2.92,,,,,,,,,,
Supp1,Fab 3,526,WC 1,Olga,1603222,104.7,2.11,,,,,,,,,,
Supp1,Fab 3,526,WC 1,Philip,1603222,104,1.86,,,,,,,,,,
Supp1,Fab 3,526,WC 2,Paul,1603333,112.8,0,,,,,,,,,,
Supp1,Fab 3,526,WC 2,Philip,1603222,110.4,1.76,,,,,,,,,,
Supp1,Fab 3,526,WC 1,Paul,1603222,119.2,2.71,,,,,,,,,,
Supp1,Fab 3,526,WC 1,Philip,1603222,101.3,2.17,,,,,,,,,,
Supp1,Fab 3,526,WC 2,Philip,1603222,104.3,2.29,,,,,,,,,,
Supp1,Fab 3,526,WC 2,Philip,1603111,107.3,2.28,,,,,,,,,,
Supp1,Fab 3,526,WC 2,Paul,1603222,106.1,2.56,,,,,,,,,,
Supp1,Fab 3,526,WC 1,Olga,1603222,96.3,3.18,,,,,,,,,,
Supp1,Fab 3,526,WC 3,Philip,1603111,102.9,25,,,,,,,,,,
Supp1,Fab 3,526,WC 3,Paul,1603111,95.7,12.5,,,,,,,,,,
Supp1,Fab 3,526,WC 2,Olga,1603222,97.9,1.78,,,,,,,,,,
Supp1,Fab 3,526,WC 2,Philip,1603111,111.7,2.16,,,,,,,,,,
Supp1,Fab 3,526,WC 3,Philip,1603111,102.6,3.03,,,,,,,,,,
Supp1,Fab 3,526,WC 1,Paul,1603222,110.7,1.55,,,,,,,,,,
Supp1,Fab 3,526,WC 3,Olga,1603222,106.4,2.2,,,,,,,,,,
Supp1,Fab 3,527,WC 1,Paul,1603111,105.8,0,,,,,,,,,,
Supp1,Fab 3,527,WC 3,Philip,1603222,92,1.83,,,,,,,,,,
Supp1,Fab 3,527,WC 1,Philip,1603222,109.4,2.18,,,,,,,,,,
Supp1,Fab 3,527,WC 1,Philip,1603222,97.5,2.09,,,,,,,,,,
Supp1,Fab 3,527,WC 3,Olga,1603222,77.1,5.71,,,,,,,,,,
Supp1,Fab 3,527,WC 1,Paul,1603222,98.3,2.11,,,,,,,,,,
Supp1,Fab 3,527,WC 2,Olga,1603222,111.1,0.51,,,,,,,,,,
Supp1,Fab 3,528,WC 2,Philip,1603222,103.2,2.41,,,,,,,,,,
Supp1,Fab 3,528,WC 3,Paul,1603333,103.5,0,,,,,,,,,,
Supp1,Fab 3,528,WC 2,Paul,1603222,115.1,2.33,,,,,,,,,,
Supp1,Fab 3,528,WC 3,Philip,1603222,92.5,0,,,,,,,,,,
Supp1,Fab 3,528,WC 2,Walt,1603222,101.4,1.93,,,,,,,,,,
Supp1,Fab 3,528,WC 2,Walt,1603222,111.3,7.14,,,,,,,,,,
Supp1,Fab 3,528,WC 1,Olga,1603111,93.4,1.88,,,,,,,,,,
Supp1,Fab 3,528,WC 1,Olga,1603222,84.3,1.74,,,,,,,,,,
Supp1,Fab 3,529,WC 1,Olga,1603111,101.6,1.92,,,,,,,,,,
Supp1,Fab 3,529,WC 2,Paul,1603111,104.2,1.49,,,,,,,,,,
Supp1,Fab 3,529,WC 3,Philip,1603111,117.3,2.09,,,,,,,,,,
Supp1,Fab 3,529,WC 2,Philip,1603111,108.4,1.8,,,,,,,,,,
Supp1,Fab 3,529,WC 3,Olga,1603222,105.1,1,,,,,,,,,,
Supp1,Fab 3,529,WC 1,Walt,1603222,110.8,1.96,,,,,,,,,,
Supp1,Fab 3,530,WC 3,Philip,1603222,108.3,1.98,,,,,,,,,,
Supp1,Fab 3,530,WC 2,Walt,1603222,111.7,2.45,,,,,,,,,,
Supp1,Fab 3,530,WC 1,Walt,1603222,125.5,0,,,,,,,,,,
Supp1,Fab 3,530,WC 2,Olga,1603222,97.5,2.27,,,,,,,,,,
Supp1,Fab 3,530,WC 3,Paul,1603222,99.8,2.11,,,,,,,,,,
Supp1,Fab 3,530,WC 2,Paul,1603222,101.7,1.79,,,,,,,,,,
Supp1,Fab 3,530,WC 2,Paul,1603222,106.6,2.14,,,,,,,,,,
Supp1,Fab 3,530,WC 3,Olga,1603222,103.8,2.3,,,,,,,,,,
Supp1,Fab 2,513,WC 3,Walt,1603222,99.7,2.7,,,,,,,,,,
Supp1,Fab 2,515,WC 1,Olga,1603111,105.9,2.2,,,,,,,,,,
Supp1,Fab 2,517,WC 3,Olga,1603222,97.7,1.54,,,,,,,,,,
Supp1,Fab 2,520,WC 3,Olga,1603222,87,2.27,,,,,,,,,,
Supp1,Fab 2,520,WC 2,Philip,1603111,110.9,2.33,,,,,,,,,,
Supp1,Fab 2,522,WC 3,Paul,1603111,121.5,0,,,,,,,,,,
Supp1,Fab 2,524,WC 1,Olga,1603222,81.2,2.07,,,,,,,,,,
Supp1,Fab 2,528,WC 1,Paul,1603111,95.8,0.51,,,,,,,,,,
Supp1,Fab 2,528,WC 1,Olga,1603222,104.6,1.84,,,,,,,,,,
Supp1,Fab 2,528,WC 2,Walt,1603222,115.3,1.32,,,,,,,,,,
Supp1,Fab 2,528,WC 2,Philip,1603222,95.2,2.78,,,,,,,,,,
Supp1,Fab 2,528,WC 2,Olga,1603222,113.3,0.8,,,,,,,,,,
Supp1,Fab 2,528,WC 2,Philip,1603222,101,2.18,,,,,,,,,,
Supp1,Fab 2,528,WC 3,Walt,1603111,96.8,1.46,,,,,,,,,,
Supp1,Fab 2,528,WC 1,Olga,1603222,98.5,1.94,,,,,,,,,,
Supp1,Fab 2,528,WC 3,Walt,1603222,92.9,0,,,,,,,,,,
Supp1,Fab 2,529,WC 1,Paul,1603111,100.4,2.5,,,,,,,,,,
Supp1,Fab 2,529,WC 1,Walt,1603222,92.1,2.17,,,,,,,,,,
Supp1,Fab 2,529,WC 2,Philip,1603222,89,2.06,,,,,,,,,,
Supp1,Fab 2,529,WC 2,Philip,1603222,99.2,1.78,,,,,,,,,,
Supp1,Fab 2,529,WC 2,Olga,1603222,108.6,1.99,,,,,,,,,,
Supp1,Fab 2,529,WC 2,Philip,1603222,107.6,2.07,,,,,,,,,,
Supp1,Fab 2,529,WC 2,Olga,1603222,106.4,2.03,,,,,,,,,,
Supp1,Fab 2,529,WC 1,Paul,1603222,112.8,2.45,,,,,,,,,,
Supp1,Fab 2,529,WC 3,Olga,1603222,98.3,1.94,,,,,,,,,,
Supp1,Fab 2,529,WC 3,Olga,1603222,94.2,1.23,,,,,,,,,,
Supp1,Fab 2,530,WC 1,Olga,1603222,100,2.3,,,,,,,,,,
Supp1,Fab 2,530,WC 2,Olga,1603222,97.2,1.24,,,,,,,,,,
Supp1,Fab 2,530,WC 2,Olga,1603222,103,2.54,,,,,,,,,,
Supp1,Fab 2,530,WC 2,Philip,1603222,90,1.36,,,,,,,,,,
Supp1,Fab 2,530,WC 3,Olga,1603222,92.9,2.21,,,,,,,,,,
Supp1,Fab 2,531,WC 1,Paul,1603222,95,2.09,,,,,,,,,,
Supp1,Fab 2,531,WC 2,Olga,1603222,93.4,1.69,,,,,,,,,,
Supp1,Fab 2,531,WC 2,Philip,1603222,91,2.16,,,,,,,,,,
Supp1,Fab 2,531,WC 3,Paul,1603222,111.3,1.42,,,,,,,,,,
Supp1,Fab 2,531,WC 3,Philip,1603222,116.5,1.99,,,,,,,,,,
Supp1,Fab 2,531,WC 1,Walt,1603222,91.4,1.25,,,,,,,,,,
Supp1,Fab 2,531,WC 1,Olga,1603222,110.2,2.21,,,,,,,,,,
Supp1,Fab 2,531,WC 3,Olga,1603222,96.4,1.6,,,,,,,,,,
Supp1,Fab 2,531,WC 2,Philip,1603222,107.4,2.17,,,,,,,,,,
Supp1,Fab 2,531,WC 3,Philip,1603222,117.7,1.67,,,,,,,,,,
Supp1,Fab 2,531,WC 1,Olga,1603222,91.9,2.81,,,,,,,,,,
Supp1,Fab 2,531,WC 1,Walt,1603222,95.4,2.09,,,,,,,,,,
Supp1,Fab 2,531,WC 1,Paul,1603222,112.7,1.88,,,,,,,,,,
Supp1,Fab 2,531,WC 3,Philip,1603222,111.6,1.72,,,,,,,,,,
Supp1,Fab 2,531,WC 1,Olga,1603222,103.4,1.77,,,,,,,,,,
Supp1,Fab 2,531,WC 1,Paul,1603111,106.1,2.43,,,,,,,,,,
Supp1,Fab 2,531,WC 2,Olga,1603111,105.7,2.3,,,,,,,,,,
Supp1,Fab 2,531,WC 2,Olga,1603222,106.2,2.31,,,,,,,,,,
Supp1,Fab 2,531,WC 3,Paul,1603222,95,2,,,,,,,,,,
Supp1,Fab 2,531,WC 3,Philip,1603222,104.7,0,,,,,,,,,,
Supp1,Fab 2,532,WC 2,Paul,1603222,103.2,2.12,,,,,,,,,,
Supp1,Fab 2,532,WC 3,Olga,1603222,102.5,2.78,,,,,,,,,,
Supp1,Fab 2,532,WC 2,Walt,1603222,98.5,2.28,,,,,,,,,,
Supp1,Fab 2,532,WC 2,Olga,1603222,101.5,2.5,,,,,,,,,,
Supp1,Fab 2,532,WC 3,Walt,1603222,83.1,1.97,,,,,,,,,,
Supp1,Fab 2,532,WC 3,Paul,1603222,114.9,2.32,,,,,,,,,,
Supp1,Fab 2,532,WC 3,Paul,1603111,115.3,1.65,,,,,,,,,,
Supp1,Fab 2,532,WC 1,Olga,1603222,96.8,1.74,,,,,,,,,,
Supp1,Fab 2,532,WC 3,Paul,1603222,100.8,2.15,,,,,,,,,,
Supp1,Fab 2,532,WC 3,Walt,1603222,100.7,1.76,,,,,,,,,,
Supp1,Fab 2,532,WC 3,Paul,1603222,96.9,1.73,,,,,,,,,,
Supp1,Fab 2,532,WC 2,Walt,1603222,88,1.88,,,,,,,,,,
Supp1,Fab 2,532,WC 3,Olga,1603222,100.2,2.14,,,,,,,,,,
Supp1,Fab 2,533,WC 3,Philip,1603111,118.9,1.69,,,,,,,,,,
Supp1,Fab 2,533,WC 1,Olga,1603222,109,2.11,,,,,,,,,,
Supp1,Fab 2,533,WC 2,Paul,1603222,91.1,2.66,,,,,,,,,,
Supp1,Fab 2,533,WC 3,Paul,1603222,108.5,2.61,,,,,,,,,,
Supp1,Fab 2,533,WC 1,Paul,1603222,114.2,1.93,,,,,,,,,,
Supp1,Fab 2,533,WC 1,Walt,1603111,94.8,1.61,,,,,,,,,,
Supp1,Fab 2,533,WC 1,Philip,1603222,86.6,1.83,,,,,,,,,,
Supp1,Fab 2,533,WC 3,Paul,1603222,107.2,2.33,,,,,,,,,,
Supp1,Fab 2,534,WC 2,Paul,1603111,118.1,1.85,,,,,,,,,,
Supp1,Fab 2,534,WC 1,Olga,1603111,94.6,3.08,,,,,,,,,,
Supp1,Fab 2,534,WC 3,Walt,1603111,90.4,2.35,,,,,,,,,,
Supp1,Fab 2,534,WC 3,Olga,1603111,91.4,4.29,,,,,,,,,,
Supp1,Fab 2,534,WC 1,Walt,1603111,115.3,1.68,,,,,,,,,,
Supp1,Fab 2,534,WC 1,Olga,1603111,119.8,2.02,,,,,,,,,,
Supp1,Fab 2,534,WC 2,Philip,1603111,105.2,2.38,,,,,,,,,,
Supp1,Fab 2,535,WC 2,Paul,1603222,106.4,1.91,,,,,,,,,,
Supp1,Fab 1,508,WC 2,Olga,1603111,92.4,0.96,,,,,,,,,,
Supp1,Fab 1,509,WC 1,Walt,1603333,94.4,0,,,,,,,,,,
Supp1,Fab 1,512,WC 2,Olga,1603222,97.9,0,,,,,,,,,,
Supp1,Fab 1,512,WC 2,Olga,1603222,102.5,13.95,,,,,,,,,,
Supp1,Fab 1,514,WC 2,Walt,1603222,119.9,2.56,,,,,,,,,,
Supp1,Fab 1,514,WC 2,Paul,1603222,83.9,2.33,,,,,,,,,,
Supp1,Fab 1,515,WC 3,Philip,1603111,97.6,5.81,,,,,,,,,,
Supp1,Fab 1,515,WC 2,Philip,1603222,114.6,2.51,,,,,,,,,,
Supp1,Fab 1,515,WC 1,Olga,1603111,110.9,2.13,,,,,,,,,,
Supp1,Fab 1,515,WC 1,Olga,1603222,95.1,2.48,,,,,,,,,,
Supp1,Fab 1,516,WC 3,Philip,1603111,108.7,2.27,,,,,,,,,,
Supp1,Fab 1,516,WC 3,Walt,1603111,100,0.72,,,,,,,,,,
Supp1,Fab 1,516,WC 2,Philip,1603111,108.8,0,,,,,,,,,,
Supp1,Fab 1,516,WC 3,Walt,1603111,106.8,1.79,,,,,,,,,,
Supp1,Fab 1,516,WC 1,Philip,1603222,108.2,1.57,,,,,,,,,,
Supp1,Fab 1,517,WC 3,Paul,1603111,99.3,0,,,,,,,,,,
Supp1,Fab 1,517,WC 3,Philip,1603222,91.8,1.52,,,,,,,,,,
Supp1,Fab 1,517,WC 3,Philip,1603111,109.1,1.12,,,,,,,,,,
Supp1,Fab 1,517,WC 3,Philip,1603222,97.5,1.39,,,,,,,,,,
Supp1,Fab 1,517,WC 2,Paul,1603111,102.9,0,,,,,,,,,,
Supp1,Fab 1,517,WC 3,Paul,1603111,109,2.62,,,,,,,,,,
Supp1,Fab 1,518,WC 2,Philip,1603222,104.5,2.18,,,,,,,,,,
Supp1,Fab 1,518,WC 3,Paul,1603111,104.5,0,,,,,,,,,,
Supp1,Fab 1,518,WC 1,Philip,1603111,87.6,3.26,,,,,,,,,,
Supp1,Fab 1,519,WC 2,Philip,1603111,69.3,0,,,,,,,,,,
Supp1,Fab 1,519,WC 3,Philip,1603111,91.3,4.76,,,,,,,,,,
Supp1,Fab 1,519,WC 2,Walt,1603111,102.6,4.05,,,,,,,,,,
Supp1,Fab 1,519,WC 3,Philip,1603111,103.8,0,,,,,,,,,,
Supp1,Fab 1,519,WC 2,Philip,1603111,85,0,,,,,,,,,,
Supp1,Fab 1,519,WC 3,Philip,1603222,96.5,0,,,,,,,,,,
Supp1,Fab 1,519,WC 2,Olga,1603111,104.6,2.25,,,,,,,,,,
Supp1,Fab 1,519,WC 3,Walt,1603222,85.9,0,,,,,,,,,,
Supp1,Fab 1,519,WC 1,Olga,1603111,106.3,0,,,,,,,,,,
Supp1,Fab 1,520,WC 2,Olga,1603222,104,0,,,,,,,,,,
Supp1,Fab 1,520,WC 1,Olga,1603222,102.1,2.85,,,,,,,,,,
Supp1,Fab 1,521,WC 3,Walt,1603222,105,0,,,,,,,,,,
Supp1,Fab 1,521,WC 3,Olga,1603111,88,0,,,,,,,,,,
Supp1,Fab 1,521,WC 1,Philip,1603111,100.9,0,,,,,,,,,,
Supp1,Fab 1,521,WC 3,Paul,1603222,97.6,2.94,,,,,,,,,,
Supp1,Fab 1,521,WC 1,Philip,1603111,110.6,0.61,,,,,,,,,,
Supp1,Fab 1,521,WC 3,Walt,1603222,105.7,0,,,,,,,,,,
Supp1,Fab 1,521,WC 3,Olga,1603111,103.4,0,,,,,,,,,,
Supp1,Fab 1,521,WC 3,Paul,1603222,80.3,1.03,,,,,,,,,,
Supp1,Fab 1,522,WC 3,Philip,1603111,101.8,0.85,,,,,,,,,,
Supp1,Fab 1,522,WC 1,Paul,1603222,105.4,2.25,,,,,,,,,,
Supp1,Fab 1,522,WC 1,Paul,1603222,87.6,0,,,,,,,,,,
Supp1,Fab 1,522,WC 1,Paul,1603222,106,2.3,,,,,,,,,,
Supp1,Fab 1,522,WC 2,Paul,1603222,117.6,1.14,,,,,,,,,,
Supp1,Fab 1,522,WC 2,Walt,1603222,115.9,1.7,,,,,,,,,,
Supp1,Fab 1,522,WC 1,Olga,1603111,87,0,,,,,,,,,,
Supp1,Fab 1,522,WC 2,Walt,1603222,86.7,7.14,,,,,,,,,,
Supp1,Fab 1,522,WC 2,Paul,1603333,117.7,0,,,,,,,,,,
Supp1,Fab 1,522,WC 3,Philip,1603222,102,0,,,,,,,,,,
Supp1,Fab 1,522,WC 2,Philip,1603222,102.4,2.15,,,,,,,,,,
Supp1,Fab 1,522,WC 3,Paul,1603222,100.4,2.47,,,,,,,,,,
Supp1,Fab 1,523,WC 3,Philip,1603111,108.6,0,,,,,,,,,,
Supp1,Fab 1,523,WC 2,Walt,1603222,111.5,5.56,,,,,,,,,,
Supp1,Fab 1,523,WC 3,Philip,1603111,100,0,,,,,,,,,,
Supp1,Fab 1,523,WC 2,Philip,1603333,105.5,0,,,,,,,,,,
Supp1,Fab 1,523,WC 3,Olga,1603222,104.1,0,,,,,,,,,,
Supp1,Fab 1,523,WC 3,Philip,1603111,98.7,0,,,,,,,,,,
Supp1,Fab 1,523,WC 3,Walt,1603111,102.2,0,,,,,,,,,,
Supp1,Fab 1,523,WC 2,Philip,1603222,90.8,2.38,,,,,,,,,,
Supp1,Fab 1,523,WC 3,Olga,1603111,96.5,2.06,,,,,,,,,,
Supp1,Fab 1,523,WC 2,Philip,1603222,79.8,2.31,,,,,,,,,,
Supp1,Fab 1,523,WC 3,Olga,1603111,88,1.92,,,,,,,,,,
Supp1,Fab 1,523,WC 3,Philip,1603222,94.7,1.73,,,,,,,,,,
Supp1,Fab 1,523,WC 2,Olga,1603222,82.9,1.15,,,,,,,,,,
Supp1,Fab 1,523,WC 1,Walt,1603111,90.3,2.04,,,,,,,,,,
Supp1,Fab 1,523,WC 2,Olga,1603111,119.9,6.06,,,,,,,,,,
Supp1,Fab 1,523,WC 3,Paul,1603222,84.3,1.81,,,,,,,,,,
Supp1,Fab 1,523,WC 2,Philip,1603111,101.3,5.26,,,,,,,,,,
Supp1,Fab 1,523,WC 1,Olga,1603222,101,1.99,,,,,,,,,,
Supp1,Fab 1,524,WC 2,Philip,1603222,107.7,0,,,,,,,,,,
Supp1,Fab 1,524,WC 1,Walt,1603222,104.2,5.26,,,,,,,,,,
Supp1,Fab 1,524,WC 2,Philip,1603222,100.7,1.95,,,,,,,,,,
Supp1,Fab 1,524,WC 3,Paul,1603222,70.3,1.32,,,,,,,,,,
Supp1,Fab 1,524,WC 3,Philip,1603222,119.1,2.33,,,,,,,,,,
Supp1,Fab 1,524,WC 1,Paul,1603222,113.5,2.68,,,,,,,,,,
Supp1,Fab 1,524,WC 3,Philip,1603222,93.8,2.84,,,,,,,,,,
Supp1,Fab 1,524,WC 1,Olga,1603222,109.8,2.27,,,,,,,,,,
Supp1,Fab 1,524,WC 3,Paul,1603222,123,0,,,,,,,,,,
Supp1,Fab 1,524,WC 2,Philip,1603222,128.7,1.88,,,,,,,,,,
Supp1,Fab 1,524,WC 1,Philip,1603222,105.6,2.63,,,,,,,,,,
Supp1,Fab 1,524,WC 3,Walt,1603222,88.9,3.17,,,,,,,,,,
Supp1,Fab 1,524,WC 1,Olga,1603222,90,2.17,,,,,,,,,,
Supp1,Fab 1,524,WC 3,Walt,1603222,97.8,1.72,,,,,,,,,,
Supp1,Fab 1,524,WC 2,Paul,1603222,112.5,1.42,,,,,,,,,,
Supp1,Fab 1,524,WC 1,Olga,1603222,96.1,4.55,,,,,,,,,,
Supp1,Fab 1,524,WC 3,Philip,1603222,96.9,1.71,,,,,,,,,,
Supp1,Fab 1,524,WC 1,Walt,1603222,111.7,2.51,,,,,,,,,,
Supp1,Fab 1,524,WC 2,Philip,1603111,84.8,1.51,,,,,,,,,,
Supp1,Fab 1,524,WC 2,Walt,1603222,109.3,2.09,,,,,,,,,,
Supp1,Fab 1,524,WC 3,Philip,1603222,100.6,2.94,,,,,,,,,,
Supp1,Fab 1,524,WC 1,Olga,1603222,114.5,1.94,,,,,,,,,,
Supp1,Fab 1,524,WC 3,Philip,1603222,107.6,2.35,,,,,,,,,,
Supp1,Fab 1,524,WC 2,Olga,1603222,100.9,1.85,,,,,,,,,,
Supp1,Fab 1,524,WC 2,Walt,1603111,99.9,1.6,,,,,,,,,,
Supp1,Fab 1,524,WC 2,Paul,1603222,123.6,1.86,,,,,,,,,,
Supp1,Fab 1,524,WC 3,Philip,1603222,115.2,2.33,,,,,,,,,,
Supp1,Fab 1,525,WC 2,Philip,1603222,103.1,0,,,,,,,,,,
Supp1,Fab 1,525,WC 2,Olga,1603222,100.1,1.75,,,,,,,,,,
Supp1,Fab 1,525,WC 1,Philip,1603222,105.7,2.37,,,,,,,,,,
Supp1,Fab 1,526,WC 1,Walt,1603111,96.6,1.8,,,,,,,,,,
Supp1,Fab 1,526,WC 3,Philip,1603222,104.8,1.55,,,,,,,,,,
Supp1,Fab 1,526,WC 1,Walt,1603111,113,0,,,,,,,,,,
Supp1,Fab 1,526,WC 2,Philip,1603222,99.8,1.81,,,,,,,,,,
Supp1,Fab 1,527,WC 1,Olga,1603222,117.7,1.2,,,,,,,,,,
Supp1,Fab 1,527,WC 1,Olga,1603111,89.3,2.3,,,,,,,,,,
Supp1,Fab 1,527,WC 1,Olga,1603222,95.7,2.38,,,,,,,,,,
Supp1,Fab 1,528,WC 2,Olga,1603222,105.2,1.33,,,,,,,,,,
Supp1,Fab 1,528,WC 2,Olga,1603222,114,2.3,,,,,,,,,,
Supp1,Fab 1,528,WC 2,Philip,1603111,107.4,1.76,,,,,,,,,,
Supp1,Fab 1,528,WC 1,Philip,1603111,79.1,2.64,,,,,,,,,,
Supp1,Fab 1,528,WC 1,Paul,1603222,113.5,1.63,,,,,,,,,,
Supp1,Fab 1,529,WC 3,Philip,1603222,91.6,1.49,,,,,,,,,,
Supp1,Fab 1,529,WC 3,Paul,1603222,88,1.79,,,,,,,,,,
Supp1,Fab 1,529,WC 2,Olga,1603222,123.9,3,,,,,,,,,,
Supp1,Fab 1,529,WC 2,Olga,1603222,105.6,0,,,,,,,,,,
Supp1,Fab 1,529,WC 3,Paul,1603222,113.2,1.89,,,,,,,,,,
Supp1,Fab 1,529,WC 2,Philip,1603222,110.4,2.37,,,,,,,,,,
Supp1,Fab 1,529,WC 1,Philip,1603222,98.2,2.97,,,,,,,,,,
Supp1,Fab 1,529,WC 2,Philip,1603222,108.3,0,,,,,,,,,,
Supp1,Fab 1,529,WC 1,Philip,1603222,96.9,3.57,,,,,,,,,,
Supp1,Fab 1,529,WC 3,Paul,1603222,83.9,2.56,,,,,,,,,,
Supp1,Fab 1,529,WC 2,Philip,1603222,99,1.46,,,,,,,,,,
Supp1,Fab 1,529,WC 2,Philip,1603222,105.1,3.51,,,,,,,,,,
Supp1,Fab 1,529,WC 3,Walt,1603111,102.3,0,,,,,,,,,,
Supp1,Fab 1,529,WC 1,Philip,1603222,96.3,2.28,,,,,,,,,,
Supp1,Fab 1,529,WC 3,Olga,1603222,109.6,2.19,,,,,,,,,,
Supp1,Fab 1,529,WC 1,Olga,1603222,92.5,2,,,,,,,,,,
Supp1,Fab 1,529,WC 3,Philip,1603222,74.8,0,,,,,,,,,,
Supp1,Fab 1,529,WC 3,Paul,1603222,98.4,1.97,,,,,,,,,,
Supp1,Fab 1,529,WC 3,Olga,1603111,96.1,1.56,,,,,,,,,,
Supp1,Fab 1,530,WC 1,Philip,1603222,108.8,1.82,,,,,,,,,,
Supp1,Fab 1,530,WC 1,Philip,1603222,91.8,2.7,,,,,,,,,,
Supp1,Fab 1,530,WC 1,Paul,1603222,90.1,1.82,,,,,,,,,,
Supp1,Fab 1,530,WC 3,Olga,1603222,109.7,1.83,,,,,,,,,,
Supp1,Fab 1,530,WC 2,Paul,1603111,107.4,1.02,,,,,,,,,,
Supp1,Fab 1,533,WC 2,Walt,1603222,83.8,2.12,,,,,,,,,,
Supp2,Fab 3,510,WC 2,Paul,1603222,102.5,2.48,,,,,,,,,,
Supp2,Fab 3,510,WC 2,Philip,1603111,83.5,2.02,,,,,,,,,,
Supp2,Fab 3,511,WC 3,Paul,1603222,98.6,2.27,,,,,,,,,,
Supp2,Fab 3,512,WC 2,Paul,1603222,100.7,1.99,,,,,,,,,,
Supp2,Fab 3,513,WC 2,Olga,1603222,85.3,2.74,,,,,,,,,,
Supp2,Fab 3,513,WC 2,Philip,1603111,91.9,0,,,,,,,,,,
Supp2,Fab 3,514,WC 3,Paul,1603222,77.6,1.81,,,,,,,,,,
Supp2,Fab 3,514,WC 1,Paul,1603222,96.8,3.01,,,,,,,,,,
Supp2,Fab 3,514,WC 2,Paul,1603222,95.1,0,,,,,,,,,,
Supp2,Fab 3,514,WC 3,Philip,1603222,115,0,,,,,,,,,,
Supp2,Fab 3,515,WC 2,Philip,1603111,103.7,0,,,,,,,,,,
Supp2,Fab 3,515,WC 1,Philip,1603222,111,2.28,,,,,,,,,,
Supp2,Fab 3,515,WC 2,Paul,1603222,103.1,2.75,,,,,,,,,,
Supp2,Fab 3,516,WC 1,Paul,1603222,103.9,2.54,,,,,,,,,,
Supp2,Fab 3,516,WC 2,Philip,1603222,108.8,2.41,,,,,,,,,,
Supp2,Fab 3,516,WC 3,Philip,1603111,111.6,2.34,,,,,,,,,,
Supp2,Fab 3,516,WC 2,Paul,1603222,86.9,2.27,,,,,,,,,,
Supp2,Fab 3,517,WC 3,Philip,1603222,86.2,1.32,,,,,,,,,,
Supp2,Fab 3,517,WC 1,Olga,1603222,90.8,7.14,,,,,,,,,,
Supp2,Fab 3,517,WC 3,Paul,1603222,98.1,0,,,,,,,,,,
Supp2,Fab 3,517,WC 3,Philip,1603111,111.2,7.14,,,,,,,,,,
Supp2,Fab 3,517,WC 1,Philip,1603111,101.1,2.06,,,,,,,,,,
Supp2,Fab 3,517,WC 1,Olga,1603111,103,0,,,,,,,,,,
Supp2,Fab 3,517,WC 2,Walt,1603222,88,1.73,,,,,,,,,,
Supp2,Fab 3,517,WC 3,Philip,1603222,105.3,1.86,,,,,,,,,,
Supp2,Fab 3,518,WC 3,Olga,1603222,111,1.45,,,,,,,,,,
Supp2,Fab 3,518,WC 2,Philip,1603222,90.8,2.19,,,,,,,,,,
Supp2,Fab 3,518,WC 2,Philip,1603222,106.5,0,,,,,,,,,,
Supp2,Fab 3,518,WC 1,Paul,1603111,101,1.54,,,,,,,,,,
Supp2,Fab 3,518,WC 2,Olga,1603222,118.6,1.63,,,,,,,,,,
Supp2,Fab 3,518,WC 1,Paul,1603222,96.1,0.81,,,,,,,,,,
Supp2,Fab 3,518,WC 1,Paul,1603222,100.4,2.1,,,,,,,,,,
Supp2,Fab 3,518,WC 2,Paul,1603111,96.6,0,,,,,,,,,,
Supp2,Fab 3,518,WC 3,Walt,1603222,105.9,2.17,,,,,,,,,,
Supp2,Fab 3,518,WC 2,Paul,1603222,83,2.36,,,,,,,,,,
Supp2,Fab 3,518,WC 3,Olga,1603111,94.1,1.85,,,,,,,,,,
Supp2,Fab 3,518,WC 3,Paul,1603222,87.9,1.83,,,,,,,,,,
Supp2,Fab 3,518,WC 2,Olga,1603222,130.2,2.33,,,,,,,,,,
Supp2,Fab 3,518,WC 1,Paul,1603222,102,1.86,,,,,,,,,,
Supp2,Fab 3,519,WC 2,Olga,1603222,118.8,2.89,,,,,,,,,,
Supp2,Fab 3,519,WC 2,Philip,1603222,96.5,2.97,,,,,,,,,,
Supp2,Fab 3,519,WC 2,Olga,1603111,96.4,4.88,,,,,,,,,,
Supp2,Fab 3,519,WC 2,Philip,1603111,80.8,0,,,,,,,,,,
Supp2,Fab 3,519,WC 1,Paul,1603333,102.9,6.9,,,,,,,,,,
Supp2,Fab 3,519,WC 2,Paul,1603111,89.1,1.49,,,,,,,,,,
Supp2,Fab 3,519,WC 2,Olga,1603222,90.8,1.65,,,,,,,,,,
Supp2,Fab 3,519,WC 3,Paul,1603222,115.2,1.44,,,,,,,,,,
Supp2,Fab 3,519,WC 3,Philip,1603111,102.2,2.99,,,,,,,,,,
Supp2,Fab 3,519,WC 2,Olga,1603111,83.9,1.94,,,,,,,,,,
Supp2,Fab 3,519,WC 3,Paul,1603222,107.7,2.56,,,,,,,,,,
Supp2,Fab 3,519,WC 2,Walt,1603111,106.4,0,,,,,,,,,,
Supp2,Fab 3,519,WC 2,Philip,1603222,112.6,1.49,,,,,,,,,,
Supp2,Fab 3,519,WC 3,Olga,1603222,115.9,1.87,,,,,,,,,,
Supp2,Fab 3,519,WC 2,Philip,1603111,91.9,2.6,,,,,,,,,,
Supp2,Fab 3,519,WC 2,Olga,1603222,114.1,1.34,,,,,,,,,,
Supp2,Fab 3,519,WC 1,Philip,1603222,105.2,2.46,,,,,,,,,,
Supp2,Fab 3,519,WC 1,Walt,1603333,98.3,0,,,,,,,,,,
Supp2,Fab 3,519,WC 1,Philip,1603111,102.7,7.41,,,,,,,,,,
Supp2,Fab 3,519,WC 2,Philip,1603222,78.9,1.65,,,,,,,,,,
Supp2,Fab 3,520,WC 2,Paul,1603222,106.4,2.62,,,,,,,,,,
Supp2,Fab 3,520,WC 1,Philip,1603222,106.7,1.75,,,,,,,,,,
Supp2,Fab 3,520,WC 2,Philip,1603222,103.1,2.43,,,,,,,,,,
Supp2,Fab 3,520,WC 2,Paul,1603222,92.2,1.83,,,,,,,,,,
Supp2,Fab 3,520,WC 3,Philip,1603222,85.9,2.22,,,,,,,,,,
Supp2,Fab 3,520,WC 3,Philip,1603222,93.6,3.66,,,,,,,,,,
Supp2,Fab 3,520,WC 1,Olga,1603222,78,3.52,,,,,,,,,,
Supp2,Fab 3,520,WC 2,Olga,1603222,102.6,1.43,,,,,,,,,,
Supp2,Fab 3,520,WC 3,Olga,1603222,90.2,2.86,,,,,,,,,,
Supp2,Fab 3,520,WC 1,Philip,1603222,111.2,2.26,,,,,,,,,,
Supp2,Fab 3,520,WC 2,Paul,1603222,104.7,1.12,,,,,,,,,,
Supp2,Fab 3,520,WC 2,Philip,1603111,98.2,0,,,,,,,,,,
Supp2,Fab 3,520,WC 3,Philip,1603222,98.7,2.48,,,,,,,,,,
Supp2,Fab 3,520,WC 1,Olga,1603111,84.4,3.7,,,,,,,,,,
Supp2,Fab 3,520,WC 3,Olga,1603222,106.9,2.84,,,,,,,,,,
Supp2,Fab 3,520,WC 3,Paul,1603111,101.8,0,,,,,,,,,,
Supp2,Fab 3,520,WC 2,Olga,1603222,95.5,4.48,,,,,,,,,,
Supp2,Fab 3,520,WC 3,Paul,1603222,93.6,2.21,,,,,,,,,,
Supp2,Fab 3,520,WC 1,Olga,1603111,105.4,1.35,,,,,,,,,,
Supp2,Fab 3,521,WC 1,Philip,1603111,123.8,0,,,,,,,,,,
Supp2,Fab 3,521,WC 2,Philip,1603222,85.9,1.13,,,,,,,,,,
Supp2,Fab 3,521,WC 1,Walt,1603222,102.6,3.33,,,,,,,,,,
Supp2,Fab 3,521,WC 2,Olga,1603111,116.8,2.69,,,,,,,,,,
Supp2,Fab 3,521,WC 3,Philip,1603222,105.5,2.35,,,,,,,,,,
Supp2,Fab 3,521,WC 1,Walt,1603222,111.8,2.4,,,,,,,,,,
Supp2,Fab 3,521,WC 1,Paul,1603222,103.1,2.03,,,,,,,,,,
Supp2,Fab 3,521,WC 1,Olga,1603333,110.8,5.88,,,,,,,,,,
Supp2,Fab 3,521,WC 2,Walt,1603222,95.5,0.39,,,,,,,,,,
Supp2,Fab 3,521,WC 2,Olga,1603111,109.8,0,,,,,,,,,,
Supp2,Fab 3,521,WC 1,Walt,1603222,91.9,2.55,,,,,,,,,,
Supp2,Fab 3,521,WC 2,Paul,1603111,97.1,7.69,,,,,,,,,,
Supp2,Fab 3,521,WC 1,Walt,1603222,93.7,1.7,,,,,,,,,,
Supp2,Fab 3,521,WC 3,Philip,1603222,111.6,1.79,,,,,,,,,,
Supp2,Fab 3,521,WC 1,Paul,1603222,110.7,0,,,,,,,,,,
Supp2,Fab 3,521,WC 2,Philip,1603222,88.1,0,,,,,,,,,,
Supp2,Fab 3,521,WC 2,Paul,1603222,118,1.88,,,,,,,,,,
Supp2,Fab 3,521,WC 1,Philip,1603222,96.4,1.96,,,,,,,,,,
Supp2,Fab 3,521,WC 3,Paul,1603111,98.8,12.5,,,,,,,,,,
Supp2,Fab 3,521,WC 1,Paul,1603222,88.6,2.52,,,,,,,,,,
Supp2,Fab 3,521,WC 2,Philip,1603222,103,1.86,,,,,,,,,,
Supp2,Fab 3,521,WC 2,Walt,1603222,114.1,1.24,,,,,,,,,,
Supp2,Fab 3,521,WC 3,Olga,1603111,100.8,0,,,,,,,,,,
Supp2,Fab 3,521,WC 1,Philip,1603111,111.9,0,,,,,,,,,,
Supp2,Fab 3,522,WC 1,Paul,1603222,109.2,2.1,,,,,,,,,,
Supp2,Fab 3,522,WC 3,Olga,1603222,96.1,10,,,,,,,,,,
Supp2,Fab 3,522,WC 2,Philip,1603111,89.5,2.38,,,,,,,,,,
Supp2,Fab 3,522,WC 2,Olga,1603222,95.5,1.73,,,,,,,,,,
Supp2,Fab 3,522,WC 3,Philip,1603222,108.5,2.48,,,,,,,,,,
Supp2,Fab 3,522,WC 2,Olga,1603222,121,3.23,,,,,,,,,,
Supp2,Fab 3,522,WC 2,Walt,1603222,90.1,2.42,,,,,,,,,,
Supp2,Fab 3,522,WC 1,Philip,1603222,105.8,1.41,,,,,,,,,,
Supp2,Fab 3,522,WC 3,Olga,1603222,102.6,2.55,,,,,,,,,,
Supp2,Fab 3,522,WC 1,Olga,1603222,103.9,1.04,,,,,,,,,,
Supp2,Fab 3,522,WC 3,Philip,1603111,100.4,1.75,,,,,,,,,,
Supp2,Fab 3,522,WC 3,Paul,1603111,109.1,2.37,,,,,,,,,,
Supp2,Fab 3,522,WC 2,Philip,1603222,90.2,1.88,,,,,,,,,,
Supp2,Fab 3,522,WC 2,Olga,1603222,108.7,1.92,,,,,,,,,,
Supp2,Fab 3,523,WC 3,Walt,1603111,100.7,0,,,,,,,,,,
Supp2,Fab 3,523,WC 3,Paul,1603111,100.4,0,,,,,,,,,,
Supp2,Fab 3,523,WC 1,Walt,1603222,102.1,2.16,,,,,,,,,,
Supp2,Fab 3,523,WC 2,Philip,1603111,89,2.45,,,,,,,,,,
Supp2,Fab 3,523,WC 2,Paul,1603222,104.1,0,,,,,,,,,,
Supp2,Fab 3,523,WC 1,Walt,1603222,88.7,1.5,,,,,,,,,,
Supp2,Fab 3,523,WC 3,Olga,1603222,82.1,1.98,,,,,,,,,,
Supp2,Fab 3,523,WC 2,Olga,1603111,121.9,0,,,,,,,,,,
Supp2,Fab 3,523,WC 1,Paul,1603222,94.1,3.05,,,,,,,,,,
Supp2,Fab 3,523,WC 2,Paul,1603222,90.1,3.11,,,,,,,,,,
Supp2,Fab 3,523,WC 1,Olga,1603111,94.2,0,,,,,,,,,,
Supp2,Fab 3,523,WC 2,Paul,1603111,66.3,0,,,,,,,,,,
Supp2,Fab 3,523,WC 3,Philip,1603222,79.6,1.96,,,,,,,,,,
Supp2,Fab 3,523,WC 2,Philip,1603111,93.4,0,,,,,,,,,,
Supp2,Fab 3,523,WC 3,Philip,1603222,91.3,1.81,,,,,,,,,,
Supp2,Fab 3,523,WC 1,Olga,1603222,86.8,2.19,,,,,,,,,,
Supp2,Fab 3,523,WC 1,Olga,1603222,107.9,2.06,,,,,,,,,,
Supp2,Fab 3,523,WC 1,Paul,1603111,106.7,0,,,,,,,,,,
Supp2,Fab 3,523,WC 3,Philip,1603111,84.9,0,,,,,,,,,,
Supp2,Fab 3,523,WC 2,Paul,1603222,93.4,1.17,,,,,,,,,,
Supp2,Fab 3,524,WC 2,Olga,1603111,105.3,1.16,,,,,,,,,,
Supp2,Fab 3,524,WC 2,Philip,1603222,108.5,2.14,,,,,,,,,,
Supp2,Fab 3,524,WC 2,Olga,1603111,83.7,3.85,,,,,,,,,,
Supp2,Fab 3,524,WC 3,Olga,1603222,113,1.85,,,,,,,,,,
Supp2,Fab 3,524,WC 3,Paul,1603222,112.8,2.19,,,,,,,,,,
Supp2,Fab 3,524,WC 3,Paul,1603111,103.1,0,,,,,,,,,,
Supp2,Fab 3,524,WC 1,Philip,1603222,91.2,2.2,,,,,,,,,,
Supp2,Fab 3,524,WC 1,Philip,1603222,76.6,1.87,,,,,,,,,,
Supp2,Fab 3,524,WC 3,Olga,1603111,85.7,0,,,,,,,,,,
Supp2,Fab 3,524,WC 3,Philip,1603222,93.6,1.28,,,,,,,,,,
Supp2,Fab 3,524,WC 3,Paul,1603222,98.1,2.52,,,,,,,,,,
Supp2,Fab 3,524,WC 3,Philip,1603111,110.1,2.83,,,,,,,,,,
Supp2,Fab 3,525,WC 3,Philip,1603222,108.9,2.46,,,,,,,,,,
Supp2,Fab 3,525,WC 1,Philip,1603222,99.8,2.49,,,,,,,,,,
Supp2,Fab 3,525,WC 1,Olga,1603222,111.2,2.72,,,,,,,,,,
Supp2,Fab 3,525,WC 3,Olga,1603111,83.7,5.26,,,,,,,,,,
Supp2,Fab 3,525,WC 1,Philip,1603222,87.9,1.95,,,,,,,,,,
Supp2,Fab 3,525,WC 2,Olga,1603111,102.1,2.4,,,,,,,,,,
Supp2,Fab 3,525,WC 3,Philip,1603222,79.6,2.38,,,,,,,,,,
Supp2,Fab 3,525,WC 2,Olga,1603222,88.7,2.69,,,,,,,,,,
Supp2,Fab 3,525,WC 1,Philip,1603222,83.2,1.61,,,,,,,,,,
Supp2,Fab 3,525,WC 3,Philip,1603222,109.7,1.57,,,,,,,,,,
Supp2,Fab 3,525,WC 2,Olga,1603222,100,2.02,,,,,,,,,,
Supp2,Fab 3,525,WC 3,Olga,1603111,108.2,2.25,,,,,,,,,,
Supp2,Fab 3,525,WC 2,Paul,1603222,81.3,2.05,,,,,,,,,,
Supp2,Fab 3,525,WC 2,Walt,1603222,74.7,2.74,,,,,,,,,,
Supp2,Fab 3,525,WC 2,Philip,1603222,96.8,2.43,,,,,,,,,,
Supp2,Fab 3,525,WC 1,Philip,1603111,97.4,1.71,,,,,,,,,,
Supp2,Fab 3,525,WC 3,Philip,1603222,112.5,2.03,,,,,,,,,,
Supp2,Fab 3,526,WC 2,Olga,1603222,101,2.47,,,,,,,,,,
Supp2,Fab 3,526,WC 3,Olga,1603222,109.4,1.75,,,,,,,,,,
Supp2,Fab 3,526,WC 2,Philip,1603222,95.6,2.92,,,,,,,,,,
Supp2,Fab 3,526,WC 1,Olga,1603222,92,2.11,,,,,,,,,,
Supp2,Fab 3,526,WC 1,Philip,1603222,94.2,1.86,,,,,,,,,,
Supp2,Fab 3,526,WC 2,Paul,1603333,107.7,0,,,,,,,,,,
Supp2,Fab 3,526,WC 2,Philip,1603222,109.7,1.76,,,,,,,,,,
Supp2,Fab 3,526,WC 1,Paul,1603222,90,2.71,,,,,,,,,,
Supp2,Fab 3,526,WC 1,Philip,1603222,90.6,2.17,,,,,,,,,,
Supp2,Fab 3,526,WC 2,Philip,1603222,91.3,2.29,,,,,,,,,,
Supp2,Fab 3,526,WC 2,Philip,1603111,110.2,2.28,,,,,,,,,,
Supp2,Fab 3,526,WC 2,Paul,1603222,104.8,2.56,,,,,,,,,,
Supp2,Fab 3,526,WC 1,Olga,1603222,107.2,3.18,,,,,,,,,,
Supp2,Fab 3,526,WC 3,Philip,1603111,90.1,25,,,,,,,,,,
Supp2,Fab 3,526,WC 3,Paul,1603111,111.9,12.5,,,,,,,,,,
Supp2,Fab 3,526,WC 2,Olga,1603222,98.8,1.78,,,,,,,,,,
Supp2,Fab 3,526,WC 2,Philip,1603111,87.8,2.16,,,,,,,,,,
Supp2,Fab 3,526,WC 3,Philip,1603111,85.4,3.03,,,,,,,,,,
Supp2,Fab 3,526,WC 1,Paul,1603222,104.8,1.55,,,,,,,,,,
Supp2,Fab 3,526,WC 3,Olga,1603222,110.8,2.2,,,,,,,,,,
Supp2,Fab 3,527,WC 1,Paul,1603111,114,0,,,,,,,,,,
Supp2,Fab 3,527,WC 3,Philip,1603222,107.2,1.83,,,,,,,,,,
Supp2,Fab 3,527,WC 1,Philip,1603222,117.8,2.18,,,,,,,,,,
Supp2,Fab 3,527,WC 1,Philip,1603222,94.4,2.09,,,,,,,,,,
Supp2,Fab 3,527,WC 3,Olga,1603222,100.2,5.71,,,,,,,,,,
Supp2,Fab 3,527,WC 1,Paul,1603222,104,2.11,,,,,,,,,,
Supp2,Fab 3,527,WC 2,Olga,1603222,106.2,0.51,,,,,,,,,,
Supp2,Fab 3,528,WC 2,Philip,1603222,105.9,2.41,,,,,,,,,,
Supp2,Fab 3,528,WC 3,Paul,1603333,91.9,0,,,,,,,,,,
Supp2,Fab 3,528,WC 2,Paul,1603222,100.5,2.33,,,,,,,,,,
Supp2,Fab 3,528,WC 3,Philip,1603222,82.4,0,,,,,,,,,,
Supp2,Fab 3,528,WC 2,Walt,1603222,109.7,1.93,,,,,,,,,,
Supp2,Fab 3,528,WC 2,Walt,1603222,84.9,7.14,,,,,,,,,,
Supp2,Fab 3,528,WC 1,Olga,1603111,113.7,1.88,,,,,,,,,,
Supp2,Fab 3,528,WC 1,Olga,1603222,88.2,1.74,,,,,,,,,,
Supp2,Fab 3,529,WC 1,Olga,1603111,94.5,1.92,,,,,,,,,,
Supp2,Fab 3,529,WC 2,Paul,1603111,117.4,1.49,,,,,,,,,,
Supp2,Fab 3,529,WC 3,Philip,1603111,101.5,2.09,,,,,,,,,,
Supp2,Fab 3,529,WC 2,Philip,1603111,90.3,1.8,,,,,,,,,,
Supp2,Fab 3,529,WC 3,Olga,1603222,103.6,1,,,,,,,,,,
Supp2,Fab 3,529,WC 1,Walt,1603222,109,1.96,,,,,,,,,,
Supp2,Fab 3,530,WC 3,Philip,1603222,100.3,1.98,,,,,,,,,,
Supp2,Fab 3,530,WC 2,Walt,1603222,93.1,2.45,,,,,,,,,,
Supp2,Fab 3,530,WC 1,Walt,1603222,96.6,0,,,,,,,,,,
Supp2,Fab 3,530,WC 2,Olga,1603222,78.9,2.27,,,,,,,,,,
Supp2,Fab 3,530,WC 3,Paul,1603222,94.1,2.11,,,,,,,,,,
Supp2,Fab 3,530,WC 2,Paul,1603222,89.7,1.79,,,,,,,,,,
Supp2,Fab 3,530,WC 2,Paul,1603222,110.7,2.14,,,,,,,,,,
Supp2,Fab 3,530,WC 3,Olga,1603222,86.4,2.3,,,,,,,,,,
Supp2,Fab 2,513,WC 3,Walt,1603222,97.4,2.7,,,,,,,,,,
Supp2,Fab 2,515,WC 1,Olga,1603111,103,2.2,,,,,,,,,,
Supp2,Fab 2,517,WC 3,Olga,1603222,103.7,1.54,,,,,,,,,,
Supp2,Fab 2,520,WC 3,Olga,1603222,107.2,2.27,,,,,,,,,,
Supp2,Fab 2,520,WC 2,Philip,1603111,93.4,2.33,,,,,,,,,,
Supp2,Fab 2,522,WC 3,Paul,1603111,97.4,0,,,,,,,,,,
Supp2,Fab 2,524,WC 1,Olga,1603222,97.4,2.07,,,,,,,,,,
Supp2,Fab 2,528,WC 1,Paul,1603111,117.5,0.51,,,,,,,,,,
Supp2,Fab 2,528,WC 1,Olga,1603222,89.9,1.84,,,,,,,,,,
Supp2,Fab 2,528,WC 2,Walt,1603222,109.9,1.32,,,,,,,,,,
Supp2,Fab 2,528,WC 2,Philip,1603222,103.2,2.78,,,,,,,,,,
Supp2,Fab 2,528,WC 2,Olga,1603222,100.6,0.8,,,,,,,,,,
Supp2,Fab 2,528,WC 2,Philip,1603222,118.6,2.18,,,,,,,,,,
Supp2,Fab 2,528,WC 3,Walt,1603111,107.5,1.46,,,,,,,,,,
Supp2,Fab 2,528,WC 1,Olga,1603222,78.8,1.94,,,,,,,,,,
Supp2,Fab 2,528,WC 3,Walt,1603222,88.1,0,,,,,,,,,,
Supp2,Fab 2,529,WC 1,Paul,1603111,106.5,2.5,,,,,,,,,,
Supp2,Fab 2,529,WC 1,Walt,1603222,100,2.17,,,,,,,,,,
Supp2,Fab 2,529,WC 2,Philip,1603222,95.2,2.06,,,,,,,,,,
Supp2,Fab 2,529,WC 2,Philip,1603222,93.9,1.78,,,,,,,,,,
Supp2,Fab 2,529,WC 2,Olga,1603222,101,1.99,,,,,,,,,,
Supp2,Fab 2,529,WC 2,Philip,1603222,117.8,2.07,,,,,,,,,,
Supp2,Fab 2,529,WC 2,Olga,1603222,95.6,2.03,,,,,,,,,,
Supp2,Fab 2,529,WC 1,Paul,1603222,99.5,2.45,,,,,,,,,,
Supp2,Fab 2,529,WC 3,Olga,1603222,97.8,1.94,,,,,,,,,,
Supp2,Fab 2,529,WC 3,Olga,1603222,100.5,1.23,,,,,,,,,,
Supp2,Fab 2,530,WC 1,Olga,1603222,95.4,2.3,,,,,,,,,,
Supp2,Fab 2,530,WC 2,Olga,1603222,92,1.24,,,,,,,,,,
Supp2,Fab 2,530,WC 2,Olga,1603222,107,2.54,,,,,,,,,,
Supp2,Fab 2,530,WC 2,Philip,1603222,98.1,1.36,,,,,,,,,,
Supp2,Fab 2,530,WC 3,Olga,1603222,95.7,2.21,,,,,,,,,,
Supp2,Fab 2,531,WC 1,Paul,1603222,96.8,2.09,,,,,,,,,,
Supp2,Fab 2,531,WC 2,Olga,1603222,93.4,1.69,,,,,,,,,,
Supp2,Fab 2,531,WC 2,Philip,1603222,88.9,2.16,,,,,,,,,,
Supp2,Fab 2,531,WC 3,Paul,1603222,100.4,1.42,,,,,,,,,,
Supp2,Fab 2,531,WC 3,Philip,1603222,113.9,1.99,,,,,,,,,,
Supp2,Fab 2,531,WC 1,Walt,1603222,108,1.25,,,,,,,,,,
Supp2,Fab 2,531,WC 1,Olga,1603222,78.3,2.21,,,,,,,,,,
Supp2,Fab 2,531,WC 3,Olga,1603222,107.6,1.6,,,,,,,,,,
Supp2,Fab 2,531,WC 2,Philip,1603222,98.3,2.17,,,,,,,,,,
Supp2,Fab 2,531,WC 3,Philip,1603222,101.6,1.67,,,,,,,,,,
Supp2,Fab 2,531,WC 1,Olga,1603222,122.7,2.81,,,,,,,,,,
Supp2,Fab 2,531,WC 1,Walt,1603222,94.2,2.09,,,,,,,,,,
Supp2,Fab 2,531,WC 1,Paul,1603222,103.5,1.88,,,,,,,,,,
Supp2,Fab 2,531,WC 3,Philip,1603222,90.7,1.72,,,,,,,,,,
Supp2,Fab 2,531,WC 1,Olga,1603222,98.2,1.77,,,,,,,,,,
Supp2,Fab 2,531,WC 1,Paul,1603111,107.8,2.43,,,,,,,,,,
Supp2,Fab 2,531,WC 2,Olga,1603111,119.5,2.3,,,,,,,,,,
Supp2,Fab 2,531,WC 2,Olga,1603222,83.8,2.31,,,,,,,,,,
Supp2,Fab 2,531,WC 3,Paul,1603222,93.8,2,,,,,,,,,,
Supp2,Fab 2,531,WC 3,Philip,1603222,111.3,0,,,,,,,,,,
Supp2,Fab 2,532,WC 2,Paul,1603222,104.8,2.12,,,,,,,,,,
Supp2,Fab 2,532,WC 3,Olga,1603222,91.7,2.78,,,,,,,,,,
Supp2,Fab 2,532,WC 2,Walt,1603222,75.4,2.28,,,,,,,,,,
Supp2,Fab 2,532,WC 2,Olga,1603222,78.8,2.5,,,,,,,,,,
Supp2,Fab 2,532,WC 3,Walt,1603222,97.3,1.97,,,,,,,,,,
Supp2,Fab 2,532,WC 3,Paul,1603222,77.4,2.32,,,,,,,,,,
Supp2,Fab 2,532,WC 3,Paul,1603111,103.9,1.65,,,,,,,,,,
Supp2,Fab 2,532,WC 1,Olga,1603222,94.5,1.74,,,,,,,,,,
Supp2,Fab 2,532,WC 3,Paul,1603222,105.4,2.15,,,,,,,,,,
Supp2,Fab 2,532,WC 3,Walt,1603222,74.2,1.76,,,,,,,,,,
Supp2,Fab 2,532,WC 3,Paul,1603222,100.7,1.73,,,,,,,,,,
Supp2,Fab 2,532,WC 2,Walt,1603222,95.6,1.88,,,,,,,,,,
Supp2,Fab 2,532,WC 3,Olga,1603222,96,2.14,,,,,,,,,,
Supp2,Fab 2,533,WC 3,Philip,1603111,93.4,1.69,,,,,,,,,,
Supp2,Fab 2,533,WC 1,Olga,1603222,105.1,2.11,,,,,,,,,,
Supp2,Fab 2,533,WC 2,Paul,1603222,108.7,2.66,,,,,,,,,,
Supp2,Fab 2,533,WC 3,Paul,1603222,102.4,2.61,,,,,,,,,,
Supp2,Fab 2,533,WC 1,Paul,1603222,118,1.93,,,,,,,,,,
Supp2,Fab 2,533,WC 1,Walt,1603111,88.9,1.61,,,,,,,,,,
Supp2,Fab 2,533,WC 1,Philip,1603222,90,1.83,,,,,,,,,,
Supp2,Fab 2,533,WC 3,Paul,1603222,102.8,2.33,,,,,,,,,,
Supp2,Fab 2,534,WC 2,Paul,1603111,93,1.85,,,,,,,,,,
Supp2,Fab 2,534,WC 1,Olga,1603111,97.6,3.08,,,,,,,,,,
Supp2,Fab 2,534,WC 3,Walt,1603111,97.1,2.35,,,,,,,,,,
Supp2,Fab 2,534,WC 3,Olga,1603111,113.9,4.29,,,,,,,,,,
Supp2,Fab 2,534,WC 1,Walt,1603111,94.7,1.68,,,,,,,,,,
Supp2,Fab 2,534,WC 1,Olga,1603111,76.2,2.02,,,,,,,,,,
Supp2,Fab 2,534,WC 2,Philip,1603111,84.5,2.38,,,,,,,,,,
Supp2,Fab 2,535,WC 2,Paul,1603222,100.1,1.91,,,,,,,,,,
Supp2,Fab 1,508,WC 2,Olga,1603111,106.3,0.96,,,,,,,,,,
Supp2,Fab 1,509,WC 1,Walt,1603333,96.6,0,,,,,,,,,,
Supp2,Fab 1,512,WC 2,Olga,1603222,94.9,0,,,,,,,,,,
Supp2,Fab 1,512,WC 2,Olga,1603222,97.8,13.95,,,,,,,,,,
Supp2,Fab 1,514,WC 2,Walt,1603222,107.7,2.56,,,,,,,,,,
Supp2,Fab 1,514,WC 2,Paul,1603222,98.9,2.33,,,,,,,,,,
Supp2,Fab 1,515,WC 3,Philip,1603111,100.1,5.81,,,,,,,,,,
Supp2,Fab 1,515,WC 2,Philip,1603222,100.6,2.51,,,,,,,,,,
Supp2,Fab 1,515,WC 1,Olga,1603111,97.2,2.13,,,,,,,,,,
Supp2,Fab 1,515,WC 1,Olga,1603222,101.1,2.48,,,,,,,,,,
Supp2,Fab 1,516,WC 3,Philip,1603111,84.3,2.27,,,,,,,,,,
Supp2,Fab 1,516,WC 3,Walt,1603111,90.5,0.72,,,,,,,,,,
Supp2,Fab 1,516,WC 2,Philip,1603111,91.9,0,,,,,,,,,,
Supp2,Fab 1,516,WC 3,Walt,1603111,87.8,1.79,,,,,,,,,,
Supp2,Fab 1,516,WC 1,Philip,1603222,105.9,1.57,,,,,,,,,,
Supp2,Fab 1,517,WC 3,Paul,1603111,103.1,0,,,,,,,,,,
Supp2,Fab 1,517,WC 3,Philip,1603222,104.6,1.52,,,,,,,,,,
Supp2,Fab 1,517,WC 3,Philip,1603111,99.7,1.12,,,,,,,,,,
Supp2,Fab 1,517,WC 3,Philip,1603222,91.4,1.39,,,,,,,,,,
Supp2,Fab 1,517,WC 2,Paul,1603111,99.6,0,,,,,,,,,,
Supp2,Fab 1,517,WC 3,Paul,1603111,102.9,2.62,,,,,,,,,,
Supp2,Fab 1,518,WC 2,Philip,1603222,94.3,2.18,,,,,,,,,,
Supp2,Fab 1,518,WC 3,Paul,1603111,104.5,0,,,,,,,,,,
Supp2,Fab 1,518,WC 1,Philip,1603111,104.5,3.26,,,,,,,,,,
Supp2,Fab 1,519,WC 2,Philip,1603111,125.1,0,,,,,,,,,,
Supp2,Fab 1,519,WC 3,Philip,1603111,83.9,4.76,,,,,,,,,,
Supp2,Fab 1,519,WC 2,Walt,1603111,100.7,4.05,,,,,,,,,,
Supp2,Fab 1,519,WC 3,Philip,1603111,85.2,0,,,,,,,,,,
Supp2,Fab 1,519,WC 2,Philip,1603111,89.8,0,,,,,,,,,,
Supp2,Fab 1,519,WC 3,Philip,1603222,107.1,0,,,,,,,,,,
Supp2,Fab 1,519,WC 2,Olga,1603111,78.9,2.25,,,,,,,,,,
Supp2,Fab 1,519,WC 3,Walt,1603222,94.8,0,,,,,,,,,,
Supp2,Fab 1,519,WC 1,Olga,1603111,98,0,,,,,,,,,,
Supp2,Fab 1,520,WC 2,Olga,1603222,96.7,0,,,,,,,,,,
Supp2,Fab 1,520,WC 1,Olga,1603222,101.4,2.85,,,,,,,,,,
Supp2,Fab 1,521,WC 3,Walt,1603222,84.8,0,,,,,,,,,,
Supp2,Fab 1,521,WC 3,Olga,1603111,96.8,0,,,,,,,,,,
Supp2,Fab 1,521,WC 1,Philip,1603111,84.4,0,,,,,,,,,,
Supp2,Fab 1,521,WC 3,Paul,1603222,98.1,2.94,,,,,,,,,,
Supp2,Fab 1,521,WC 1,Philip,1603111,121.8,0.61,,,,,,,,,,
Supp2,Fab 1,521,WC 3,Walt,1603222,93.2,0,,,,,,,,,,
Supp2,Fab 1,521,WC 3,Olga,1603111,120.4,0,,,,,,,,,,
Supp2,Fab 1,521,WC 3,Paul,1603222,86.3,1.03,,,,,,,,,,
Supp2,Fab 1,522,WC 3,Philip,1603111,88.6,0.85,,,,,,,,,,
Supp2,Fab 1,522,WC 1,Paul,1603222,90.2,2.25,,,,,,,,,,
Supp2,Fab 1,522,WC 1,Paul,1603222,108.7,0,,,,,,,,,,
Supp2,Fab 1,522,WC 1,Paul,1603222,93.6,2.3,,,,,,,,,,
Supp2,Fab 1,522,WC 2,Paul,1603222,104.3,1.14,,,,,,,,,,
Supp2,Fab 1,522,WC 2,Walt,1603222,107.3,1.7,,,,,,,,,,
Supp2,Fab 1,522,WC 1,Olga,1603111,114.1,0,,,,,,,,,,
Supp2,Fab 1,522,WC 2,Walt,1603222,88.8,7.14,,,,,,,,,,
Supp2,Fab 1,522,WC 2,Paul,1603333,114.8,0,,,,,,,,,,
Supp2,Fab 1,522,WC 3,Philip,1603222,111.2,0,,,,,,,,,,
Supp2,Fab 1,522,WC 2,Philip,1603222,117.7,2.15,,,,,,,,,,
Supp2,Fab 1,522,WC 3,Paul,1603222,110.5,2.47,,,,,,,,,,
Supp2,Fab 1,523,WC 3,Philip,1603111,96,0,,,,,,,,,,
Supp2,Fab 1,523,WC 2,Walt,1603222,89.9,5.56,,,,,,,,,,
Supp2,Fab 1,523,WC 3,Philip,1603111,117.8,0,,,,,,,,,,
Supp2,Fab 1,523,WC 2,Philip,1603333,98.5,0,,,,,,,,,,
Supp2,Fab 1,523,WC 3,Olga,1603222,98.7,0,,,,,,,,,,
Supp2,Fab 1,523,WC 3,Philip,1603111,97.1,0,,,,,,,,,,
Supp2,Fab 1,523,WC 3,Walt,1603111,114.1,0,,,,,,,,,,
Supp2,Fab 1,523,WC 2,Philip,1603222,88.4,2.38,,,,,,,,,,
Supp2,Fab 1,523,WC 3,Olga,1603111,95.5,2.06,,,,,,,,,,
Supp2,Fab 1,523,WC 2,Philip,1603222,87.1,2.31,,,,,,,,,,
Supp2,Fab 1,523,WC 3,Olga,1603111,94.9,1.92,,,,,,,,,,
Supp2,Fab 1,523,WC 3,Philip,1603222,95.6,1.73,,,,,,,,,,
Supp2,Fab 1,523,WC 2,Olga,1603222,92.5,1.15,,,,,,,,,,
Supp2,Fab 1,523,WC 1,Walt,1603111,89.9,2.04,,,,,,,,,,
Supp2,Fab 1,523,WC 2,Olga,1603111,102,6.06,,,,,,,,,,
Supp2,Fab 1,523,WC 3,Paul,1603222,103.1,1.81,,,,,,,,,,
Supp2,Fab 1,523,WC 2,Philip,1603111,96.3,5.26,,,,,,,,,,
Supp2,Fab 1,523,WC 1,Olga,1603222,94.6,1.99,,,,,,,,,,
Supp2,Fab 1,524,WC 2,Philip,1603222,86.1,0,,,,,,,,,,
Supp2,Fab 1,524,WC 1,Walt,1603222,106.5,5.26,,,,,,,,,,
Supp2,Fab 1,524,WC 2,Philip,1603222,106.4,1.95,,,,,,,,,,
Supp2,Fab 1,524,WC 3,Paul,1603222,104,1.32,,,,,,,,,,
Supp2,Fab 1,524,WC 3,Philip,1603222,101.6,2.33,,,,,,,,,,
Supp2,Fab 1,524,WC 1,Paul,1603222,97.3,2.68,,,,,,,,,,
Supp2,Fab 1,524,WC 3,Philip,1603222,105,2.84,,,,,,,,,,
Supp2,Fab 1,524,WC 1,Olga,1603222,101.3,2.27,,,,,,,,,,
Supp2,Fab 1,524,WC 3,Paul,1603222,96.4,0,,,,,,,,,,
Supp2,Fab 1,524,WC 2,Philip,1603222,109.9,1.88,,,,,,,,,,
Supp2,Fab 1,524,WC 1,Philip,1603222,92.4,2.63,,,,,,,,,,
Supp2,Fab 1,524,WC 3,Walt,1603222,114.2,3.17,,,,,,,,,,
Supp2,Fab 1,524,WC 1,Olga,1603222,97.4,2.17,,,,,,,,,,
Supp2,Fab 1,524,WC 3,Walt,1603222,90.1,1.72,,,,,,,,,,
Supp2,Fab 1,524,WC 2,Paul,1603222,97.5,1.42,,,,,,,,,,
Supp2,Fab 1,524,WC 1,Olga,1603222,97.7,4.55,,,,,,,,,,
Supp2,Fab 1,524,WC 3,Philip,1603222,95.3,1.71,,,,,,,,,,
Supp2,Fab 1,524,WC 1,Walt,1603222,84.3,2.51,,,,,,,,,,
Supp2,Fab 1,524,WC 2,Philip,1603111,104.6,1.51,,,,,,,,,,
Supp2,Fab 1,524,WC 2,Walt,1603222,94.5,2.09,,,,,,,,,,
Supp2,Fab 1,524,WC 3,Philip,1603222,101.6,2.94,,,,,,,,,,
Supp2,Fab 1,524,WC 1,Olga,1603222,107.2,1.94,,,,,,,,,,
Supp2,Fab 1,524,WC 3,Philip,1603222,103.5,2.35,,,,,,,,,,
Supp2,Fab 1,524,WC 2,Olga,1603222,90.6,1.85,,,,,,,,,,
Supp2,Fab 1,524,WC 2,Walt,1603111,116.7,1.6,,,,,,,,,,
Supp2,Fab 1,524,WC 2,Paul,1603222,97.7,1.86,,,,,,,,,,
Supp2,Fab 1,524,WC 3,Philip,1603222,88.5,2.33,,,,,,,,,,
Supp2,Fab 1,525,WC 2,Philip,1603222,72.1,0,,,,,,,,,,
Supp2,Fab 1,525,WC 2,Olga,1603222,117.9,1.75,,,,,,,,,,
Supp2,Fab 1,525,WC 1,Philip,1603222,96,2.37,,,,,,,,,,
Supp2,Fab 1,526,WC 1,Walt,1603111,91.3,1.8,,,,,,,,,,
Supp2,Fab 1,526,WC 3,Philip,1603222,85.5,1.55,,,,,,,,,,
Supp2,Fab 1,526,WC 1,Walt,1603111,92.1,0,,,,,,,,,,
Supp2,Fab 1,526,WC 2,Philip,1603222,88.5,1.81,,,,,,,,,,
Supp2,Fab 1,527,WC 1,Olga,1603222,115.1,1.2,,,,,,,,,,
Supp2,Fab 1,527,WC 1,Olga,1603111,105.7,2.3,,,,,,,,,,
Supp2,Fab 1,527,WC 1,Olga,1603222,100.8,2.38,,,,,,,,,,
Supp2,Fab 1,528,WC 2,Olga,1603222,95.2,1.33,,,,,,,,,,
Supp2,Fab 1,528,WC 2,Olga,1603222,92.8,2.3,,,,,,,,,,
Supp2,Fab 1,528,WC 2,Philip,1603111,106.6,1.76,,,,,,,,,,
Supp2,Fab 1,528,WC 1,Philip,1603111,98.6,2.64,,,,,,,,,,
Supp2,Fab 1,528,WC 1,Paul,1603222,95.8,1.63,,,,,,,,,,
Supp2,Fab 1,529,WC 3,Philip,1603222,112.7,1.49,,,,,,,,,,
Supp2,Fab 1,529,WC 3,Paul,1603222,106.6,1.79,,,,,,,,,,
Supp2,Fab 1,529,WC 2,Olga,1603222,97.6,3,,,,,,,,,,
Supp2,Fab 1,529,WC 2,Olga,1603222,102.1,0,,,,,,,,,,
Supp2,Fab 1,529,WC 3,Paul,1603222,92.2,1.89,,,,,,,,,,
Supp2,Fab 1,529,WC 2,Philip,1603222,102.8,2.37,,,,,,,,,,
Supp2,Fab 1,529,WC 1,Philip,1603222,115.1,2.97,,,,,,,,,,
Supp2,Fab 1,529,WC 2,Philip,1603222,97.7,0,,,,,,,,,,
Supp2,Fab 1,529,WC 1,Philip,1603222,115.7,3.57,,,,,,,,,,
Supp2,Fab 1,529,WC 3,Paul,1603222,100.2,2.56,,,,,,,,,,
Supp2,Fab 1,529,WC 2,Philip,1603222,98.4,1.46,,,,,,,,,,
Supp2,Fab 1,529,WC 2,Philip,1603222,118.1,3.51,,,,,,,,,,
Supp2,Fab 1,529,WC 3,Walt,1603111,108.9,0,,,,,,,,,,
Supp2,Fab 1,529,WC 1,Philip,1603222,120.9,2.28,,,,,,,,,,
Supp2,Fab 1,529,WC 3,Olga,1603222,100.4,2.19,,,,,,,,,,
Supp2,Fab 1,529,WC 1,Olga,1603222,102.5,2,,,,,,,,,,
Supp2,Fab 1,529,WC 3,Philip,1603222,105.2,0,,,,,,,,,,
Supp2,Fab 1,529,WC 3,Paul,1603222,86.6,1.97,,,,,,,,,,
Supp2,Fab 1,529,WC 3,Olga,1603111,106.9,1.56,,,,,,,,,,
Supp2,Fab 1,530,WC 1,Philip,1603222,97.8,1.82,,,,,,,,,,
Supp2,Fab 1,530,WC 1,Philip,1603222,90.4,2.7,,,,,,,,,,
Supp2,Fab 1,530,WC 1,Paul,1603222,97.4,1.82,,,,,,,,,,
Supp2,Fab 1,530,WC 3,Olga,1603222,82.1,1.83,,,,,,,,,,
Supp2,Fab 1,530,WC 2,Paul,1603111,99.4,1.02,,,,,,,,,,
Supp2,Fab 1,533,WC 2,Walt,1603222,81,2.12,,,,,,,,,,